,Disease,Targ,KwMult,KwNorm
0,Боль мышечная,"Болезни мышц - в большинстве случаев сопровождаются мышечной болью, например, при воспалении мышц (миозите). Воспаления могут быть вызваны бактериями, вирусами, паразитами, грибками, а также проявляться при некоторых аутоиммунных заболеваниях. Боль проявляется при движении или даже при прикосновении к пораженному участку. Другие признаки мышечного воспаления - это ее уплотнение, мышечная слабость. Боль (миалгия) может быть различной интенсивности и различного характера (стреляющая, рвущая, ноющая, ломящая). Боль может вызываться и ревматизмом, а также другими заболеваниями. При ревматизме обычно болят мышцы шеи и спины. Для многих заболеваний мышц характерны мышечная слабость, быстрая утомляемость - все это также способствует возникновению болевого синдрома.","{'такж': 0.021907525446278497, 'ил': 0.007302508482092833, 'быт': 0.054768813615696244, 'болезн': 0.054768813615696244, 'заболеван': 0.018256271205232082, 'эт': 0.036512542410464165, 'случа': 0.036512542410464165, 'моч': 0.054768813615696244, 'друг': 0.054768813615696244, 'некотор': 0.10953762723139249, 'спин': 0.054768813615696244, 'например': 0.054768813615696244, 'мног': 0.054768813615696244, 'сопровожда': 0.10953762723139249}","{'такж': 0.030303030303030304, 'ил': 0.010101010101010102, 'быт': 0.07575757575757576, 'болезн': 0.07575757575757576, 'заболеван': 0.025252525252525256, 'эт': 0.05050505050505051, 'случа': 0.05050505050505051, 'моч': 0.07575757575757576, 'друг': 0.07575757575757576, 'некотор': 0.15151515151515152, 'спин': 0.07575757575757576, 'например': 0.07575757575757576, 'мног': 0.07575757575757576, 'сопровожда': 0.15151515151515152}"
1,Дивертикул Меккеля,Перекрут подвздошной кишки с развитием кишечной непроходимости.,{},{}
2,Боль головная,"Голова болит при повышенном кровяном давлении, почечной недостаточности, также болезнях почек, желудка и печени, лихорадке, вызванной инфекционными заболеваниями.","{'такж': 0.021907525446278497, 'болезн': 0.054768813615696244, 'заболеван': 0.018256271205232082}","{'такж': 0.23076923076923075, 'болезн': 0.5769230769230769, 'заболеван': 0.19230769230769232}"
5,Опухоли костей доброкачественные,"Остеома напоминает остеобластому, но ее диаметр не превышает 2 см. Чаще встречается у детей. Локализуется в трубчатых костях.","{'част': 0.036512542410464165, 'встреча': 0.10953762723139249, 'напомина': 0.054768813615696244, 'ребенок': 0.10953762723139249, '2': 0.018256271205232082}","{'част': 0.11111111111111112, 'встреча': 0.3333333333333333, 'напомина': 0.16666666666666666, 'ребенок': 0.3333333333333333, '2': 0.05555555555555556}"
6,Рак яичников,"Кистозная аденома - это наиболее часто встречаемая опухоль яичников, иногда достигающая размера куриного яйца, а иногда и больше: она даже может заполнить всю брюшную полость и сдвинуть другие органы брюшной полости. Вначале развитие опухоли протекает бессимптомно. Первые симптомы - увеличение объема живота без увеличения веса. Если кистозная аденома очень большая, то появляется ощущение полноты и давления в области желудка и печени. Поэтому у пациенток не возникает мысли о возможности гинекологического заболевания. При кистозной аденоме в организме женщины снижается содержание белков.","{'област': 0.012170847470154721, 'част': 0.036512542410464165, 'симпт': 0.10953762723139249, 'заболеван': 0.018256271205232082, 'эт': 0.036512542410464165, 'появля': 0.054768813615696244, 'встреча': 0.10953762723139249, 'иногд': 0.054768813615696244, 'гинекологическ': 0.10953762723139249, 'моч': 0.054768813615696244, 'друг': 0.054768813615696244, 'возможн': 0.10953762723139249, 'организм': 0.054768813615696244, 'опухол': 0.10953762723139249, 'орга': 0.10953762723139249, 'есл': 0.10953762723139249}","{'област': 0.010638297872340427, 'част': 0.03191489361702128, 'симпт': 0.09574468085106384, 'заболеван': 0.01595744680851064, 'эт': 0.03191489361702128, 'появля': 0.04787234042553192, 'встреча': 0.09574468085106384, 'иногд': 0.04787234042553192, 'гинекологическ': 0.09574468085106384, 'моч': 0.04787234042553192, 'друг': 0.04787234042553192, 'возможн': 0.09574468085106384, 'организм': 0.04787234042553192, 'опухол': 0.09574468085106384, 'орга': 0.09574468085106384, 'есл': 0.09574468085106384}"
7,Эндемический зоб,"Во многих местностях ощутим недостаток йода. Его мало в воздухе, питьевой воде, продуктах. В таком случае в рацион питания нужно включать морепродукты.","{'питан': 0.054768813615696244, 'случа': 0.036512542410464165, 'мног': 0.054768813615696244}","{'питан': 0.375, 'случа': 0.25, 'мног': 0.375}"
9,Асцит,Воспаление брюшины,{},{}
10,Цирроз печени,Моча коричневого цвета.,"{'цвет': 0.10953762723139249, 'моч': 0.054768813615696244}","{'цвет': 0.6666666666666666, 'моч': 0.3333333333333333}"
11,Сальмонеллез,Лихорадка.,{},{}
12,Аллергические кожные реакции,"При высыпаниях на коже большой площади можно подозревать аллергию к лекарствам, стиральным средствам, краскам одежды и волокнам ткани. Аллергию кожи под мышками вызывают дезодоранты, средства для удаления волос; кожи спины - застегивающиеся на спине молнии и застежки бюстгальтеров; области поясницы - пояса, резинки нижнего белья, стиральные средства.","{'област': 0.012170847470154721, 'лекарств': 0.10953762723139249, 'спин': 0.054768813615696244, 'волокн': 0.10953762723139249}","{'област': 0.0425531914893617, 'лекарств': 0.3829787234042553, 'спин': 0.19148936170212766, 'волокн': 0.3829787234042553}"
13,Желтуха,"При возникновении желтухи надо обратиться к врачу, потому что это может являться симптомом серьезного заболевания. Хотя это явление у детей и подростков не всегда свидетельствует о наличии опасной болезни и может быть связано с адаптацией организма к новым условиям жизни.","{'врач': 0.0028825691376682234, 'явля': 0.013692203403924061, 'жизн': 0.054768813615696244, 'связыва': 0.054768813615696244, 'быт': 0.054768813615696244, 'всегд': 0.10953762723139249, 'симпт': 0.10953762723139249, 'болезн': 0.054768813615696244, 'заболеван': 0.018256271205232082, 'эт': 0.036512542410464165, 'ребенок': 0.10953762723139249, 'моч': 0.054768813615696244, 'организм': 0.054768813615696244}","{'врач': 0.003956478733926804, 'явля': 0.018793273986152322, 'жизн': 0.07517309594460929, 'связыва': 0.07517309594460929, 'быт': 0.07517309594460929, 'всегд': 0.15034619188921858, 'симпт': 0.15034619188921858, 'болезн': 0.07517309594460929, 'заболеван': 0.0250576986482031, 'эт': 0.0501153972964062, 'ребенок': 0.15034619188921858, 'моч': 0.07517309594460929, 'организм': 0.07517309594460929}"
14,Аневризма,"Как помочь себе? Заниматься самолечением в данном случае категорически нельзя. Однако соблюдая здоровый образ жизни, можно намного уменьшить вероятность проявления атеросклероза.","{'занима': 0.013692203403924061, 'здоров': 0.036512542410464165, 'образ': 0.10953762723139249, 'жизн': 0.054768813615696244, 'помога': 0.10953762723139249, 'однак': 0.10953762723139249, 'случа': 0.036512542410464165, 'дан': 0.10953762723139249}","{'занима': 0.023622047244094488, 'здоров': 0.06299212598425197, 'образ': 0.1889763779527559, 'жизн': 0.09448818897637795, 'помога': 0.1889763779527559, 'однак': 0.1889763779527559, 'случа': 0.06299212598425197, 'дан': 0.1889763779527559}"
15,Контрактура Дюпюитрена,Пациенту все труднее разогнуть пораженный палец.,{'пациент': 0.015648232461627498},{'пациент': 1.0}
16,Спондилез,"При спондилолистезе тело и дуга позвонка смещаются кпереди, а задняя часть позвонка вместе с остистым отростком остается на месте, т.е. образуется щель. Обычно наблюдается спондилолистез пятого, реже третьего или четвертого поясничных позвонков. Спондилолистез шейного отдела позвоночника встречается крайне редко.","{'ил': 0.007302508482092833, 'част': 0.036512542410464165, 'встреча': 0.10953762723139249, 'тел': 0.054768813615696244}","{'ил': 0.03508771929824561, 'част': 0.1754385964912281, 'встреча': 0.5263157894736842, 'тел': 0.2631578947368421}"
18,Эмболия,"Кровяные сгустки (до тех пор, пока они не оторвались от стенок кровеносных сосудов и не движутся с током крови, называются тромбами) закупоривают артерию. Оторвавшиеся участки тромба называются эмболами. Чаще всего встречается эмболия легких, при которой переносимый с током крови эмбол застревает в легочной артерии. Эмбол, застрявший в другой артерии, вызывает системную эмболию. В таком случае источником образования эмболов обычно является сгусток крови внутри сердца, который часто образуется после перенесенного инфаркта миокарда. Клинические проявления патологии зависят от места застревания эмбола. Образованию тромбов способствует повреждение сосудистой стенки (атеросклероз, септическое поражение клапанов сердца), замедление кровотока и изменения в системе свертывания крови.","{'явля': 0.013692203403924061, 'образован': 0.006443389837140734, 'котор': 0.018256271205232082, 'част': 0.036512542410464165, 'встреча': 0.10953762723139249, 'случа': 0.036512542410464165, 'патолог': 0.054768813615696244, 'друг': 0.054768813615696244, 'называ': 0.10953762723139249, 'систем': 0.036512542410464165, 'изменен': 0.10953762723139249}","{'явля': 0.023362345396243704, 'образован': 0.010994044892349977, 'котор': 0.031149793861658275, 'част': 0.06229958772331655, 'встреча': 0.18689876316994963, 'случа': 0.06229958772331655, 'патолог': 0.09344938158497482, 'друг': 0.09344938158497482, 'называ': 0.18689876316994963, 'систем': 0.06229958772331655, 'изменен': 0.18689876316994963}"
19,Трихомониаз,Жжение во влагалище и при мочеиспускании.,{},{}
20,Глистяные заболевания,Симптомы глистов,{'симпт': 0.10953762723139249},{'симпт': 1.0}
21,Понос,"При диарее взрослые далеко не всегда обращаются к врачу. Однако если понос начался у ребенка, то вести себя следует более осторожно, т.к. резистентность его организма ниже. Кроме того, понос у детей может быть симптомом тяжелой болезни. Необходимо незамедлительно обратиться к врачу, если:","{'врач': 0.0028825691376682234, 'необходим': 0.054768813615696244, 'следова': 0.10953762723139249, 'быт': 0.054768813615696244, 'всегд': 0.10953762723139249, 'симпт': 0.10953762723139249, 'болезн': 0.054768813615696244, 'однак': 0.10953762723139249, 'начина': 0.10953762723139249, 'ребенок': 0.10953762723139249, 'ег': 0.10953762723139249, 'моч': 0.054768813615696244, 'организм': 0.054768813615696244, 'низк': 0.10953762723139249, 'есл': 0.10953762723139249, 'кром': 0.10953762723139249}","{'врач': 0.0021008403361344533, 'необходим': 0.03991596638655461, 'следова': 0.07983193277310922, 'быт': 0.03991596638655461, 'всегд': 0.07983193277310922, 'симпт': 0.07983193277310922, 'болезн': 0.03991596638655461, 'однак': 0.07983193277310922, 'начина': 0.07983193277310922, 'ребенок': 0.07983193277310922, 'ег': 0.07983193277310922, 'моч': 0.03991596638655461, 'организм': 0.03991596638655461, 'низк': 0.07983193277310922, 'есл': 0.07983193277310922, 'кром': 0.07983193277310922}"
23,Эмболия,"Риску возникновения эмболии чаще всего подвергаются женщины, употребляющие гормональные контрацептивные пилюли, а также курящие женщины. У курильщиц нередко происходит закупорка вен нижних конечностей.","{'такж': 0.021907525446278497, 'част': 0.036512542410464165, 'происход': 0.10953762723139249}","{'такж': 0.13043478260869565, 'част': 0.21739130434782608, 'происход': 0.6521739130434783}"
24,Облысение,Постепенно прогрессирующее выпадение волос.,{},{}
25,Нарушение метаболизма при опухлевых заболиваниях,"Обычно злокачественные новообразования, возникшие из плаценты, а также раковые опухоли бронхов и яичек начинают вырабатывать половые гормоны.","{'такж': 0.021907525446278497, 'начина': 0.10953762723139249, 'опухол': 0.10953762723139249}","{'такж': 0.09090909090909091, 'начина': 0.45454545454545453, 'опухол': 0.45454545454545453}"
27,Плечелопаточный периартрит,Симптомы,{'симпт': 0.10953762723139249},{'симпт': 1.0}
29,Диафрагмальная грыжа,"Диафрагма (от лат. diaphragmа) - это тонкая, изогнутая выпуклостью кверху пластинка, разделяющая грудную и брюшную полость. Она прикреплена к грудине, реберным дугам и позвонкам поясничного отдела позвоночника, а по середине находится седловидное сухожильное растяжение, покрытое с обеих сторон мышцами - куполами диафрагмы. Диафрагма - важная часть дыхательных мышц. Она является также частью мышц брюшного пресса. Рядом с позвоночником через диафрагму перпендикулярно проходят пищевод, кровеносные сосуды и нервные волокна.","{'явля': 0.013692203403924061, 'такж': 0.021907525446278497, 'лат': 0.027384406807848122, 'част': 0.036512542410464165, 'эт': 0.036512542410464165, 'проход': 0.036512542410464165, 'важн': 0.10953762723139249, 'нервн': 0.036512542410464165, 'волокн': 0.10953762723139249}","{'явля': 0.031982942430703626, 'такж': 0.0511727078891258, 'лат': 0.06396588486140725, 'част': 0.08528784648187633, 'эт': 0.08528784648187633, 'проход': 0.08528784648187633, 'важн': 0.255863539445629, 'нервн': 0.08528784648187633, 'волокн': 0.255863539445629}"
31,Глистяные заболевания,"Почти все виды ленточного червя развиваются в организме промежуточного хозяина. В организм человека они попадают вместе с зараженными продуктами: мясом, фруктами, овощами, питьевой водой. Яйца ленточного червя могут находиться в шерсти домашних животных, при физическом контакте они могут попасть в организм человека. Бычий цепень вырастает до 4-12 м длиной. Его последний хозяин - человеческий организм, а промежуточные - крупный рогатый скот. Человек заражается при употреблении плохо обработанного мяса. При заражении первоначально симптомы отсутствуют, однако позже появляются колики, расстройство стула, падение веса, развивается повышенная нервозность, утомляемость, постоянно хочется есть. Свиной цепень опаснее бычьего цепня. Поскольку нередко личинки локализуются в глазах, спинном и головном мозге, возникают потеря зрения, сильнейшие головные боли, психические расстройства, судороги, паралич. Нередко это может угрожать жизни человека. Широкий лентец - длиной до 15 м. Человек заражается, употребляя плохо проваренную или прожаренную рыбу. Признаки заболевания - слабость, головокружение, слюнотечение, тошнота, рвота, боль в животе, поносы или чередование поноса и запора - часто слабо выражены. Характерный признак - появление ярко-красных болезненных пятен и трещин на языке.","{'жизн': 0.054768813615696244, 'ил': 0.007302508482092833, 'быт': 0.054768813615696244, 'част': 0.036512542410464165, 'животн': 0.10953762723139249, 'психическ': 0.054768813615696244, 'расстройств': 0.10953762723139249, 'симпт': 0.10953762723139249, 'физическ': 0.10953762723139249, 'заболеван': 0.018256271205232082, 'эт': 0.036512542410464165, 'появля': 0.054768813615696244, 'головн': 0.027384406807848122, 'мозг': 0.027384406807848122, 'однак': 0.10953762723139249, 'попада': 0.10953762723139249, 'вид': 0.10953762723139249, 'выража': 0.10953762723139249, 'появлен': 0.10953762723139249, 'ег': 0.10953762723139249, 'моч': 0.054768813615696244, 'человек': 0.027384406807848122, 'организм': 0.054768813615696244, 'угрожа': 0.10953762723139249, '4': 0.054768813615696244, 'спин': 0.054768813615696244}","{'жизн': 0.030030030030030023, 'ил': 0.004004004004004003, 'быт': 0.030030030030030023, 'част': 0.020020020020020016, 'животн': 0.060060060060060046, 'психическ': 0.030030030030030023, 'расстройств': 0.060060060060060046, 'симпт': 0.060060060060060046, 'физическ': 0.060060060060060046, 'заболеван': 0.010010010010010008, 'эт': 0.020020020020020016, 'появля': 0.030030030030030023, 'головн': 0.015015015015015011, 'мозг': 0.015015015015015011, 'однак': 0.060060060060060046, 'попада': 0.060060060060060046, 'вид': 0.060060060060060046, 'выража': 0.060060060060060046, 'появлен': 0.060060060060060046, 'ег': 0.060060060060060046, 'моч': 0.030030030030030023, 'человек': 0.015015015015015011, 'организм': 0.030030030030030023, 'угрожа': 0.060060060060060046, '4': 0.030030030030030023, 'спин': 0.030030030030030023}"
32,Ревматические болезни,Отсутствие симптомов болезни и внезапное обострение с ухудшением общего самочувствия больного.,"{'симпт': 0.10953762723139249, 'болезн': 0.054768813615696244, 'больн': 0.027384406807848122, 'общ': 0.018256271205232082}","{'симпт': 0.5217391304347826, 'болезн': 0.2608695652173913, 'больн': 0.13043478260869565, 'общ': 0.08695652173913045}"
33,Запор,"Хроническая форма встречается значительно чаще, чем острая. В течение жизни от длительных запоров страдают около 40% всех мужчин и 50% женщин. Приблизительно четверть всех пациентов постоянно принимают слабительные лекарства. При хронических запорах опорожнение происходит каждый второй или третий день, иногда еще реже. Дефекация затруднена, пациенту приходится тужиться, выделяемое количество кала мало, он твердый, сухой, рассыпчатый. У таких пациентов возникает постоянное чувство полноты желудка, а также пропадает аппетит.","{'такж': 0.021907525446278497, 'пациент': 0.015648232461627498, 'жизн': 0.054768813615696244, 'ил': 0.007302508482092833, 'част': 0.036512542410464165, 'встреча': 0.10953762723139249, 'иногд': 0.054768813615696244, 'течен': 0.10953762723139249, 'происход': 0.10953762723139249, 'лекарств': 0.10953762723139249}","{'такж': 0.03482587064676617, 'пациент': 0.024875621890547265, 'жизн': 0.08706467661691543, 'ил': 0.011608623548922057, 'част': 0.05804311774461029, 'встреча': 0.17412935323383086, 'иногд': 0.08706467661691543, 'течен': 0.17412935323383086, 'происход': 0.17412935323383086, 'лекарств': 0.17412935323383086}"
34,Рак печени,"Печень - очень важный, но не очень чувствительный орган. Поэтому часто пациенты не ощущают боли. По этой причине рак печени, как и другие ее заболевания, диагностируется слишком поздно. Вероятность излечения этого вида рака очень мала.","{'пациент': 0.015648232461627498, 'част': 0.036512542410464165, 'заболеван': 0.018256271205232082, 'вид': 0.10953762723139249, 'друг': 0.054768813615696244, 'важн': 0.10953762723139249, 'орга': 0.10953762723139249, 'причин': 0.10953762723139249}","{'пациент': 0.027777777777777776, 'част': 0.06481481481481483, 'заболеван': 0.03240740740740741, 'вид': 0.19444444444444445, 'друг': 0.09722222222222222, 'важн': 0.19444444444444445, 'орга': 0.19444444444444445, 'причин': 0.19444444444444445}"
37,Трофическая язва голени,Течение болезни зависит от вызвавшей ее причины:,"{'болезн': 0.054768813615696244, 'течен': 0.10953762723139249, 'причин': 0.10953762723139249}","{'болезн': 0.2, 'течен': 0.4, 'причин': 0.4}"
38,Язва 12-перстной кишки,"В редких случаях происходит самопроизвольное рубцевание язвы, однако при отсутствии лечения повышается вероятность ухудшения состояния больного. В худшем случае язва может охватить не только слизистую оболочку кишки, но и ее стенку, что может явиться причиной прободения язвы.","{'явля': 0.013692203403924061, 'лечен': 0.012170847470154721, 'однак': 0.10953762723139249, 'случа': 0.036512542410464165, 'больн': 0.027384406807848122, 'моч': 0.054768813615696244, 'тольк': 0.10953762723139249, 'состоян': 0.10953762723139249, 'происход': 0.10953762723139249, 'причин': 0.10953762723139249}","{'явля': 0.01978021978021978, 'лечен': 0.017582417582417582, 'однак': 0.15824175824175823, 'случа': 0.05274725274725275, 'больн': 0.03956043956043956, 'моч': 0.07912087912087912, 'тольк': 0.15824175824175823, 'состоян': 0.15824175824175823, 'происход': 0.15824175824175823, 'причин': 0.15824175824175823}"
39,Гипотиреоз,Закладывание горла.,{},{}
40,Гиперпролактинемия,"При появлении симптомов нарушения гормонального обмена, которые может оценить только специалист, необходимо обратиться к врачу.","{'специалист': 0.0060854237350773605, 'врач': 0.0028825691376682234, 'необходим': 0.054768813615696244, 'котор': 0.018256271205232082, 'симпт': 0.10953762723139249, 'нарушен': 0.054768813615696244, 'появлен': 0.10953762723139249, 'моч': 0.054768813615696244, 'тольк': 0.10953762723139249}","{'специалист': 0.011699507389162561, 'врач': 0.005541871921182266, 'необходим': 0.10529556650246305, 'котор': 0.035098522167487683, 'симпт': 0.2105911330049261, 'нарушен': 0.10529556650246305, 'появлен': 0.2105911330049261, 'моч': 0.10529556650246305, 'тольк': 0.2105911330049261}"
41,Рак предстательной железы,В болезни выделяются четыре стадии:,{'болезн': 0.054768813615696244},{'болезн': 1.0}
42,Гломерулонефрит,"Причиной возникновения гломерулонефрита обычно считается ответ организма человека на реакции «антитело-антиген», которые главным образом влияют на работу почек вследствие их фильтрующей функции. Заболевание чаще всего развивается после перенесенной инфекции, например, стрептококковая инфекция, а также вследствие таких заболеваний, как ангина, скарлатина, фарингит, тонзиллит и др. Вследствие этих заболеваний спустя 1-3 недели может начаться воспаление. Такой формой гломерулонефрита чаще страдают дети в возрасте от 3 до 16 лет, однако могут болеть и взрослые.","{'такж': 0.021907525446278497, 'образ': 0.10953762723139249, '1': 0.007302508482092833, 'работ': 0.036512542410464165, 'др': 0.027384406807848122, 'главн': 0.10953762723139249, 'котор': 0.018256271205232082, 'част': 0.036512542410464165, 'их': 0.10953762723139249, 'заболеван': 0.018256271205232082, 'однак': 0.10953762723139249, 'начина': 0.10953762723139249, 'ребенок': 0.10953762723139249, 'моч': 0.054768813615696244, 'человек': 0.027384406807848122, 'функц': 0.054768813615696244, 'организм': 0.054768813615696244, 'год': 0.036512542410464165, 'например': 0.054768813615696244, '3': 0.036512542410464165, 'причин': 0.10953762723139249}","{'такж': 0.017492711370262388, 'образ': 0.08746355685131194, '1': 0.005830903790087463, 'работ': 0.029154518950437316, 'др': 0.021865889212827984, 'главн': 0.08746355685131194, 'котор': 0.014577259475218658, 'част': 0.029154518950437316, 'их': 0.08746355685131194, 'заболеван': 0.014577259475218658, 'однак': 0.08746355685131194, 'начина': 0.08746355685131194, 'ребенок': 0.08746355685131194, 'моч': 0.04373177842565597, 'человек': 0.021865889212827984, 'функц': 0.04373177842565597, 'организм': 0.04373177842565597, 'год': 0.029154518950437316, 'например': 0.04373177842565597, '3': 0.029154518950437316, 'причин': 0.08746355685131194}"
43,Порфирия,Беспокойство. Бред.,{},{}
44,Узелковый периартерит,Повышение температуры.,{},{}
45,Пороки сердца,Отеки.,{},{}
46,Фобия,Клаустрофобия,{},{}
47,Панариций,Ощущение пульсации.,{},{}
48,Отек головного мозга,"Для правильного лечения отека мозга необходимо установить причину, вызвавшую его. При этом всегда обязательно интенсивное медикаментозное лечение. Как правило, проводят хирургическое и медикаментозное лечение одновременно, например, наличие опухоли и абсцесса требует хирургического вмешательства. Скопление жидкости устраняется с помощью дренажа. Иногда жидкость «отводят» через спинномозговой канал при выполнении люмбальной пункции.","{'лечен': 0.012170847470154721, 'правильн': 0.10953762723139249, 'помощ': 0.018256271205232082, 'необходим': 0.054768813615696244, 'всегд': 0.10953762723139249, 'хирургическ': 0.10953762723139249, 'эт': 0.036512542410464165, 'мозг': 0.027384406807848122, 'иногд': 0.054768813615696244, 'прав': 0.054768813615696244, 'провод': 0.10953762723139249, 'устанавлива': 0.10953762723139249, 'требова': 0.054768813615696244, 'выполнен': 0.10953762723139249, 'например': 0.054768813615696244, 'опухол': 0.10953762723139249, 'причин': 0.10953762723139249}","{'лечен': 0.009779951100244497, 'правильн': 0.08801955990220048, 'помощ': 0.014669926650366748, 'необходим': 0.04400977995110024, 'всегд': 0.08801955990220048, 'хирургическ': 0.08801955990220048, 'эт': 0.029339853300733496, 'мозг': 0.02200488997555012, 'иногд': 0.04400977995110024, 'прав': 0.04400977995110024, 'провод': 0.08801955990220048, 'устанавлива': 0.08801955990220048, 'требова': 0.04400977995110024, 'выполнен': 0.08801955990220048, 'например': 0.04400977995110024, 'опухол': 0.08801955990220048, 'причин': 0.08801955990220048}"
49,Рак шейки матки,Традиционной методикой оперативного лечения является конусовидная ампутация шейки матки по Штурмдорфу. Для ее выполнения шейку обнажают зеркалами и низводят пулевыми щипцами. На границе ампутации слизистую оболочку шейки рассекают циркулярным разрезом и отсепаровывают вверх на 1 см. Ткань шейки иссекают в виде конуса вместе со слизистой оболочкой канала шейки матки. Раневую поверхность закрывают лоскутами отсепарованной слизистой оболочки и накладывают матрасные швы.,"{'явля': 0.013692203403924061, 'лечен': 0.012170847470154721, '1': 0.007302508482092833, 'вид': 0.10953762723139249, 'выполнен': 0.10953762723139249}","{'явля': 0.05428226779252111, 'лечен': 0.048250904704463214, '1': 0.02895054282267793, 'вид': 0.4342581423401689, 'выполнен': 0.4342581423401689}"
50,Дебильность,Мания преследования,{},{}
51,Бронхит острый,Появление слизистой прозрачной мокроты.,{'появлен': 0.10953762723139249},{'появлен': 1.0}
53,Непроходимость толстой кишки,Стеноз привратника желудка,{},{}
55,Высыпания,Причины возникновения,{'причин': 0.10953762723139249},{'причин': 1.0}
56,Травмы черепа,"Определение закрытого перелома свода черепа при отсутствии вдавлений («ямки») затруднено. Однако пострадавший чутко реагирует на надавливание. Симптомы перелома свода черепа: тошнота, параличи и судороги. Характерные симптомы для перелома основания черепа: кровоподтеки вокруг глаз вследствие кровоизлияния в клетчатку глаз, кровотечение из носа, полости рта и ушей. При повреждении твердой оболочки мозга истекает ликвор.","{'определен': 0.036512542410464165, 'симпт': 0.10953762723139249, 'мозг': 0.027384406807848122, 'однак': 0.10953762723139249, 'рот': 0.10953762723139249}","{'определен': 0.09302325581395349, 'симпт': 0.27906976744186046, 'мозг': 0.06976744186046512, 'однак': 0.27906976744186046, 'рот': 0.27906976744186046}"
58,Отравление ядовитыми животными,"Укус паука можно легко спутать с укусами различных видов клещей, блох, клопов, поэтому необходимо постараться поймать укусившего паука и его распознать. Только тогда врач может применить правильное лечение.","{'врач': 0.0028825691376682234, 'лечен': 0.012170847470154721, 'правильн': 0.10953762723139249, 'необходим': 0.054768813615696244, 'вид': 0.10953762723139249, 'моч': 0.054768813615696244, 'тольк': 0.10953762723139249, 'тогд': 0.10953762723139249}","{'врач': 0.0051223676721684685, 'лечен': 0.021627774615822423, 'правильн': 0.1946499715424018, 'необходим': 0.0973249857712009, 'вид': 0.1946499715424018, 'моч': 0.0973249857712009, 'тольк': 0.1946499715424018, 'тогд': 0.1946499715424018}"
59,Рак прямой кишки,"Как помочь себе? Важное профилактическое средство образования опухолей кишечника - правильное питание. Следует ограничить употребление белков животного происхождения, отдавать предпочтение пище богатой балластными (волокнистыми) веществами. Ранний симптом рака - кровь в кале. Хотя намного чаще причиной такого кровотечения является геморрой. После выявления геморроя рекомендуется регулярно посещать врача.","{'врач': 0.0028825691376682234, 'явля': 0.013692203403924061, 'образован': 0.006443389837140734, 'питан': 0.054768813615696244, 'правильн': 0.10953762723139249, 'помога': 0.10953762723139249, 'следова': 0.10953762723139249, 'част': 0.036512542410464165, 'животн': 0.10953762723139249, 'симпт': 0.10953762723139249, 'важн': 0.10953762723139249, 'опухол': 0.10953762723139249, 'ран': 0.10953762723139249, 'причин': 0.10953762723139249, 'профилактическ': 0.054768813615696244}","{'врач': 0.0024959318757417446, 'явля': 0.011855676409773287, 'образован': 0.005579141839893311, 'питан': 0.04742270563909315, 'правильн': 0.0948454112781863, 'помога': 0.0948454112781863, 'следова': 0.0948454112781863, 'част': 0.03161513709272877, 'животн': 0.0948454112781863, 'симпт': 0.0948454112781863, 'важн': 0.0948454112781863, 'опухол': 0.0948454112781863, 'ран': 0.0948454112781863, 'причин': 0.0948454112781863, 'профилактическ': 0.04742270563909315}"
60,Повреждение мозга в раннем детстве,Замедленное развитие.,{},{}
61,Катаракта,"На начальной стадии болезни зрение больного еще можно поддерживать путем частой замены линз в очках. Когда это уже не помогает, хрусталик удаляют. После хирургического вмешательства зрение восстанавливают с помощью очков, контактных линз или операции по имплантации искусственного хрусталика, что помогает избежать ношения очков с толстыми линзами.","{'ил': 0.007302508482092833, 'помога': 0.10953762723139249, 'помощ': 0.018256271205232082, 'част': 0.036512542410464165, 'болезн': 0.054768813615696244, 'хирургическ': 0.10953762723139249, 'эт': 0.036512542410464165, 'восстанавлива': 0.10953762723139249, 'зам': 0.10953762723139249, 'больн': 0.027384406807848122}","{'ил': 0.011799410029498525, 'помога': 0.17699115044247787, 'помощ': 0.029498525073746312, 'част': 0.058997050147492625, 'болезн': 0.08849557522123894, 'хирургическ': 0.17699115044247787, 'эт': 0.058997050147492625, 'восстанавлива': 0.17699115044247787, 'зам': 0.17699115044247787, 'больн': 0.04424778761061947}"
62,Опухоли костей злокачественные,"Остеосаркомы, хондросаркомы и фибросаркомы обычно удаляют хирургическим методом. Иногда пораженную нижнюю конечность ампутируют. При своевременном удалении метастазов (даже если опухоль метастазировала, например, в легкие) вероятность выздоровления довольно высока. После хирургической операции больной проходит курс химиотерапии.","{'высок': 0.013692203403924061, 'метод': 0.10953762723139249, 'хирургическ': 0.10953762723139249, 'иногд': 0.054768813615696244, 'больн': 0.027384406807848122, 'проход': 0.036512542410464165, 'например': 0.054768813615696244, 'опухол': 0.10953762723139249, 'есл': 0.10953762723139249}","{'высок': 0.021897810218978103, 'метод': 0.17518248175182483, 'хирургическ': 0.17518248175182483, 'иногд': 0.08759124087591241, 'больн': 0.043795620437956206, 'проход': 0.05839416058394161, 'например': 0.08759124087591241, 'опухол': 0.17518248175182483, 'есл': 0.17518248175182483}"
63,Скованные плечи,Вывих плечевого сустава,{},{}
64,Рак шейки матки,"В процессе криовоздействия в результате ишемии и спазма сосудов возникает участок обледенения ткани белого цвета. При оттаивании происходят сосудистый стаз, расширение кровеносных сосудов, повышение проницаемости сосудистых стенок, выход плазмы в ткани, диапёдез и инфильтрация ткани лейкоцитами. При осмотре  выявляются  отек и выраженная гиперемия слизистой оболочки шейки матки, которая приобретает синюшно-багровый цвет.","{'результат': 0.10953762723139249, 'котор': 0.018256271205232082, 'процесс': 0.036512542410464165, 'цвет': 0.10953762723139249, 'выража': 0.10953762723139249, 'происход': 0.10953762723139249}","{'результат': 0.2222222222222222, 'котор': 0.03703703703703704, 'процесс': 0.07407407407407408, 'цвет': 0.2222222222222222, 'выража': 0.2222222222222222, 'происход': 0.2222222222222222}"
65,Фрамбезия,При отсутствии лечения данная инфекционная патология постоянно прогрессирует.,"{'лечен': 0.012170847470154721, 'патолог': 0.054768813615696244, 'дан': 0.10953762723139249}","{'лечен': 0.06896551724137931, 'патолог': 0.31034482758620685, 'дан': 0.6206896551724137}"
66,Кровоизлияние в головной мозг,"Любая травма головы является опасной для здоровья человека. Зачастую степень выраженности ее последствий решают минуты. Чем скорее оказана помощь и начато лечение, тем больше вероятность того, что остаточных явлений будет меньше.","{'явля': 0.013692203403924061, 'лечен': 0.012170847470154721, 'здоров': 0.036512542410464165, 'оказыва': 0.054768813615696244, 'помощ': 0.018256271205232082, 'быт': 0.054768813615696244, 'травм': 0.036512542410464165, 'начина': 0.10953762723139249, 'человек': 0.027384406807848122, 'скор': 0.10953762723139249}","{'явля': 0.028938906752411574, 'лечен': 0.02572347266881029, 'здоров': 0.07717041800643086, 'оказыва': 0.1157556270096463, 'помощ': 0.03858520900321543, 'быт': 0.1157556270096463, 'травм': 0.07717041800643086, 'начина': 0.2315112540192926, 'человек': 0.05787781350482315, 'скор': 0.2315112540192926}"
68,Трофическая язва голени,Боли в ногах.,{},{}
69,Тиф брюшной,Брюшной тиф лечат антибиотиками (хлорамфениколом). Больной нуждается в тщательном уходе и лечении общих симптомов заболевания. Необходимо обеспечить нормальную деятельность сердца и кровеносных сосудов. Во всех случаях пациента следует изолировать.,"{'лечен': 0.012170847470154721, 'пациент': 0.015648232461627498, 'необходим': 0.054768813615696244, 'следова': 0.10953762723139249, 'симпт': 0.10953762723139249, 'заболеван': 0.018256271205232082, 'случа': 0.036512542410464165, 'больн': 0.027384406807848122, 'общ': 0.018256271205232082, 'уход': 0.10953762723139249, 'нормальн': 0.10953762723139249, 'деятельн': 0.036512542410464165}","{'лечен': 0.018506278916060805, 'пациент': 0.02379378717779246, 'необходим': 0.08327825512227362, 'следова': 0.16655651024454723, 'симпт': 0.16655651024454723, 'заболеван': 0.027759418374091207, 'случа': 0.055518836748182414, 'больн': 0.04163912756113681, 'общ': 0.027759418374091207, 'уход': 0.16655651024454723, 'нормальн': 0.16655651024454723, 'деятельн': 0.055518836748182414}"
72,Позыв к мочеиспусканию,"Это, прежде всего, аденома простаты - доброкачественная опухоль предстательной железы. В связи с разрастанием железы нарушается отток мочи. Оказывать давление на мочевой пузырь и тем самым вызывать болезненные позывы к мочеиспусканию могут опухоли малого таза и послеоперационные сращения. Ощущение давления нередко появляется при опущении матки. Кроме того, сильные позывы помочиться возникают при наличии во влагалище инородных тел (например, тампона).","{'оказыва': 0.054768813615696244, 'эт': 0.036512542410464165, 'появля': 0.054768813615696244, 'наруша': 0.10953762723139249, 'тел': 0.054768813615696244, 'моч': 0.054768813615696244, 'например': 0.054768813615696244, 'опухол': 0.10953762723139249, 'кром': 0.10953762723139249}","{'оказыва': 0.0857142857142857, 'эт': 0.05714285714285714, 'появля': 0.0857142857142857, 'наруша': 0.1714285714285714, 'тел': 0.0857142857142857, 'моч': 0.0857142857142857, 'например': 0.0857142857142857, 'опухол': 0.1714285714285714, 'кром': 0.1714285714285714}"
73,Амебная дизентерия,"Если начался понос с тянущими болями в животе, необходимо обратиться к врачу. В наших краях амебиаз встречается редко. Однако любое инфекционное заболевание пищеварительного тракта может быть серьезным и опасным.","{'врач': 0.0028825691376682234, 'необходим': 0.054768813615696244, 'быт': 0.054768813615696244, 'заболеван': 0.018256271205232082, 'однак': 0.10953762723139249, 'встреча': 0.10953762723139249, 'начина': 0.10953762723139249, 'моч': 0.054768813615696244, 'есл': 0.10953762723139249}","{'врач': 0.004622496147919877, 'необходим': 0.08782742681047766, 'быт': 0.08782742681047766, 'заболеван': 0.029275808936825888, 'однак': 0.17565485362095531, 'встреча': 0.17565485362095531, 'начина': 0.17565485362095531, 'моч': 0.08782742681047766, 'есл': 0.17565485362095531}"
74,Опухоли гипофиза,Гемианопсия (выпадение в каждом глазу одной половины поля зрения).,{},{}
75,Несахарный диабет,"Другая причина данного заболевания - неспособность почек реагировать на антидиуретический гормон, обусловленная поражением рецепторов почечных канальцев. Недостаточность этой функции передается по наследству и связана с X-хромосомой. Она проявляется уже с детства - у ребенка наблюдается обезвоживание, обильная моча, резкое повышение содержания натрия и других солей в крови. Иногда в основе несахарного диабета лежит поражение самих почек. В почечных канальцах нарушается всасывание воды, поэтому выделяется больше мочи. Такое расстройство функции почек может быть обусловлено приемом некоторых лекарств, недостатком солей, болезнями почек и наследственностью.","{'связыва': 0.054768813615696244, 'быт': 0.054768813615696244, 'расстройств': 0.10953762723139249, 'болезн': 0.054768813615696244, 'заболеван': 0.018256271205232082, 'наруша': 0.10953762723139249, 'иногд': 0.054768813615696244, 'ребенок': 0.10953762723139249, 'моч': 0.054768813615696244, 'друг': 0.054768813615696244, 'функц': 0.054768813615696244, 'некотор': 0.10953762723139249, 'лекарств': 0.10953762723139249, 'мног': 0.054768813615696244, 'дан': 0.10953762723139249, 'причин': 0.10953762723139249}","{'связыва': 0.044776119402985065, 'быт': 0.044776119402985065, 'расстройств': 0.08955223880597013, 'болезн': 0.044776119402985065, 'заболеван': 0.014925373134328354, 'наруша': 0.08955223880597013, 'иногд': 0.044776119402985065, 'ребенок': 0.08955223880597013, 'моч': 0.044776119402985065, 'друг': 0.044776119402985065, 'функц': 0.044776119402985065, 'некотор': 0.08955223880597013, 'лекарств': 0.08955223880597013, 'мног': 0.044776119402985065, 'дан': 0.08955223880597013, 'причин': 0.08955223880597013}"
77,Аллергия на лекарства,"Самый простой метод лечения таких нежелательных кожных проявлений - это скорейшее прекращение употребления лекарственного препарата. Однако этот способ эффективен лишь в том случае, если имеется другое лекарство, оказывающее похожее действие, но не вызывающее аналогичных последствий. При тяжелых аллергических реакциях могут помочь противовоспалительные препараты, например, гормоны-глюкокортикоиды.","{'лечен': 0.012170847470154721, 'помога': 0.10953762723139249, 'оказыва': 0.054768813615696244, 'препарат': 0.054768813615696244, 'действ': 0.054768813615696244, 'метод': 0.10953762723139249, 'однак': 0.10953762723139249, 'случа': 0.036512542410464165, 'моч': 0.054768813615696244, 'имет': 0.027384406807848122, 'друг': 0.054768813615696244, 'лекарствен': 0.10953762723139249, 'скор': 0.10953762723139249, 'лекарств': 0.10953762723139249, 'например': 0.054768813615696244, 'есл': 0.10953762723139249}","{'лечен': 0.010389610389610384, 'помога': 0.09350649350649347, 'оказыва': 0.046753246753246734, 'препарат': 0.046753246753246734, 'действ': 0.046753246753246734, 'метод': 0.09350649350649347, 'однак': 0.09350649350649347, 'случа': 0.03116883116883116, 'моч': 0.046753246753246734, 'имет': 0.023376623376623367, 'друг': 0.046753246753246734, 'лекарствен': 0.09350649350649347, 'скор': 0.09350649350649347, 'лекарств': 0.09350649350649347, 'например': 0.046753246753246734, 'есл': 0.09350649350649347}"
78,Скованные плечи,"Анкилоз плечевого сустава (скованные плечи) - это заболевание, характеризующееся ограничением подвижности руки, обусловленное сильными болевыми ощущениями, проявляющимися вследствие неподвижности сустава.","{'рук': 0.10953762723139249, 'заболеван': 0.018256271205232082, 'эт': 0.036512542410464165}","{'рук': 0.6666666666666666, 'заболеван': 0.11111111111111112, 'эт': 0.22222222222222224}"
79,Болезнь Меньера,Внезапная потеря слуха,{},{}
81,Пролежни,Существует четыре стадии формирования пролежней:,{},{}
82,Ослабление функций коркового слоя надпочечника,"Больной быстро устает, ощущает слабость, тошноту, у него возникает рвота, иногда падает вес, понижается давление. Кроме того, учащается пульс, появляются судороги мышц, параличи, происходит нарушение сердечного ритма и дыхания, иногда возникают боли в животе. Частая потеря сознания, галлюцинации, апатия, нарушение ориентации, больной становится пассивным, часто меняется его настроение, возможны и другие нарушения психики.","{'част': 0.036512542410464165, 'нарушен': 0.054768813615696244, 'появля': 0.054768813615696244, 'иногд': 0.054768813615696244, 'больн': 0.027384406807848122, 'станов': 0.054768813615696244, 'ег': 0.10953762723139249, 'друг': 0.054768813615696244, 'возможн': 0.10953762723139249, 'происход': 0.10953762723139249, 'кром': 0.10953762723139249}","{'част': 0.047058823529411764, 'нарушен': 0.07058823529411765, 'появля': 0.07058823529411765, 'иногд': 0.07058823529411765, 'больн': 0.03529411764705882, 'станов': 0.07058823529411765, 'ег': 0.1411764705882353, 'друг': 0.07058823529411765, 'возможн': 0.1411764705882353, 'происход': 0.1411764705882353, 'кром': 0.1411764705882353}"
83,Остеомиелофиброз,"Предполагается, что полноценное питание и здоровый образ жизни помогают человеку, страдающему этой болезнью, дольше сохранять жизнеспособность.","{'питан': 0.054768813615696244, 'здоров': 0.036512542410464165, 'образ': 0.10953762723139249, 'жизн': 0.054768813615696244, 'помога': 0.10953762723139249, 'болезн': 0.054768813615696244, 'сохраня': 0.10953762723139249, 'предполага': 0.10953762723139249, 'человек': 0.027384406807848122}","{'питан': 0.08219178082191779, 'здоров': 0.0547945205479452, 'образ': 0.16438356164383558, 'жизн': 0.08219178082191779, 'помога': 0.16438356164383558, 'болезн': 0.08219178082191779, 'сохраня': 0.16438356164383558, 'предполага': 0.16438356164383558, 'человек': 0.041095890410958895}"
84,Артроз,Артроз коленного сустава,{},{}
85,Острый лимфолейкоз,Лихорадка.,{},{}
87,Ларингит,Симптомы,{'симпт': 0.10953762723139249},{'симпт': 1.0}
88,Кретинизм,Низкий рост.,{'низк': 0.10953762723139249},{'низк': 1.0}
89,Фиброз легких,"Кашель, одышка.",{},{}
90,Воспаление околоносовых пазух,Дополнительно статьи на данную тему:,"{'дополнительн': 0.10953762723139249, 'дава': 0.10953762723139249}","{'дополнительн': 0.5, 'дава': 0.5}"
92,Мочекаменная болезнь,"Литотрипсия - это разрушение камней, имеющихся в мочевом пузыре. При экстракорпоральной ударно-волновой литотрипсии волны генерируются внешним источником энергии и передаются от него к месту проведения операции. Специальный прибор (литотриптор) позволяет точно определить местонахождение камня. Дробление происходит вследствие воздействия на камень ударной волны, которая формируется путем искрового разряда. При этом в камне происходит деформация, которая превышает его прочность. Камень дробится с помощью многих ударных волн - от 1500 до 3500 в зависимости от состава камня. Терапевтические волны проникают в тело пациента через контактную гидроподушку с мембраной и контактный гель. Основное достоинство данного метода - пациента не оперируют и зачастую после процедуры сразу выписывают домой. Осколки камней, которые не вышли самопроизвольно, врач извлекает из мочевика специальными щипцами.","{'врач': 0.0028825691376682234, 'пациент': 0.015648232461627498, 'помощ': 0.018256271205232082, 'специальн': 0.010953762723139249, 'котор': 0.018256271205232082, 'метод': 0.10953762723139249, 'эт': 0.036512542410464165, 'тел': 0.054768813615696244, 'основн': 0.10953762723139249, 'внешн': 0.10953762723139249, 'ег': 0.10953762723139249, 'соста': 0.054768813615696244, 'имет': 0.027384406807848122, 'зависим': 0.10953762723139249, 'происход': 0.10953762723139249, 'мног': 0.054768813615696244, 'проведен': 0.10953762723139249, 'процедур': 0.10953762723139249, 'дан': 0.10953762723139249}","{'врач': 0.002251938275444221, 'пациент': 0.012224807780982914, 'помощ': 0.01426227574448007, 'специальн': 0.00855736544668804, 'котор': 0.01426227574448007, 'метод': 0.08557365446688041, 'эт': 0.02852455148896014, 'тел': 0.042786827233440204, 'основн': 0.08557365446688041, 'внешн': 0.08557365446688041, 'ег': 0.08557365446688041, 'соста': 0.042786827233440204, 'имет': 0.021393413616720102, 'зависим': 0.08557365446688041, 'происход': 0.08557365446688041, 'мног': 0.042786827233440204, 'проведен': 0.08557365446688041, 'процедур': 0.08557365446688041, 'дан': 0.08557365446688041}"
93,Грибковые инфекции кожи,"Грибки-дерматофиты, поражающие кожу, также как и другие грибы могут жить только во влажной и теплой среде. Зная об этом, становится ясно, почему дерматофиты появляются в определенных частях тела, например, между пальцами ног, в паховой области, под мышкой.","{'област': 0.012170847470154721, 'такж': 0.021907525446278497, 'определен': 0.036512542410464165, 'част': 0.036512542410464165, 'эт': 0.036512542410464165, 'появля': 0.054768813615696244, 'тел': 0.054768813615696244, 'станов': 0.054768813615696244, 'моч': 0.054768813615696244, 'тольк': 0.10953762723139249, 'друг': 0.054768813615696244, 'например': 0.054768813615696244}","{'област': 0.02092050209205021, 'такж': 0.03765690376569038, 'определен': 0.06276150627615062, 'част': 0.06276150627615062, 'эт': 0.06276150627615062, 'появля': 0.09414225941422594, 'тел': 0.09414225941422594, 'станов': 0.09414225941422594, 'моч': 0.09414225941422594, 'тольк': 0.18828451882845187, 'друг': 0.09414225941422594, 'например': 0.09414225941422594}"
96,Катаракта,Постепенное снижение остроты зрения.,{},{}
97,Утопление,"Основная задача человека, оказывающего первую помощь при утоплении - вытащить из воды пострадавшего и вызвать скорую медицинскую помощь. Действовать рекомендуется следующим образом:","{'медицинск': 0.0036512542410464164, 'образ': 0.10953762723139249, 'оказыва': 0.054768813615696244, 'помощ': 0.018256271205232082, 'основн': 0.10953762723139249, 'задач': 0.10953762723139249, 'человек': 0.027384406807848122, 'скор': 0.10953762723139249, 'действова': 0.10953762723139249}","{'медицинск': 0.0056022408963585435, 'образ': 0.16806722689075632, 'оказыва': 0.08403361344537816, 'помощ': 0.02801120448179272, 'основн': 0.16806722689075632, 'задач': 0.16806722689075632, 'человек': 0.04201680672268908, 'скор': 0.16806722689075632, 'действова': 0.16806722689075632}"
98,Полиневропатия,"Важнейшее условие эффективного лечения: если человек страдает алкоголизмом, то он должен отказаться от употребления алкоголя, иначе неврологические расстройства будут только прогрессировать. При наличии сахарного диабета необходимо соблюдать диету.","{'диет': 0.10953762723139249, 'лечен': 0.012170847470154721, 'необходим': 0.054768813615696244, 'быт': 0.054768813615696244, 'расстройств': 0.10953762723139249, 'тольк': 0.10953762723139249, 'человек': 0.027384406807848122, 'важн': 0.10953762723139249, 'есл': 0.10953762723139249}","{'диет': 0.15720524017467247, 'лечен': 0.017467248908296942, 'необходим': 0.07860262008733623, 'быт': 0.07860262008733623, 'расстройств': 0.15720524017467247, 'тольк': 0.15720524017467247, 'человек': 0.03930131004366812, 'важн': 0.15720524017467247, 'есл': 0.15720524017467247}"
99,Абсцесс легкого,Дополнительно статьи на данную тему:,"{'дополнительн': 0.10953762723139249, 'дава': 0.10953762723139249}","{'дополнительн': 0.5, 'дава': 0.5}"
101,Глистяные заболевания,"Существует более 20 видов различных глистов, способных поселиться в организме человека и вызывать заболевания. Симптомы и течение этих заболеваний могут быть очень разными. Глисты - это паразиты. Существует несколько стадий развития глистов. Некоторые глисты в процессе развития меняют «хозяина».","{'быт': 0.054768813615696244, 'симпт': 0.10953762723139249, 'заболеван': 0.018256271205232082, 'эт': 0.036512542410464165, 'процесс': 0.036512542410464165, 'способн': 0.10953762723139249, 'вид': 0.10953762723139249, 'течен': 0.10953762723139249, 'моч': 0.054768813615696244, 'человек': 0.027384406807848122, 'организм': 0.054768813615696244, 'нескольк': 0.10953762723139249, 'некотор': 0.10953762723139249, 'мног': 0.054768813615696244}","{'быт': 0.055045871559633024, 'симпт': 0.11009174311926605, 'заболеван': 0.018348623853211007, 'эт': 0.03669724770642201, 'процесс': 0.03669724770642201, 'способн': 0.11009174311926605, 'вид': 0.11009174311926605, 'течен': 0.11009174311926605, 'моч': 0.055045871559633024, 'человек': 0.027522935779816512, 'организм': 0.055045871559633024, 'нескольк': 0.11009174311926605, 'некотор': 0.11009174311926605, 'мног': 0.055045871559633024}"
102,Болезнь Рейтера,"В начале болезни у пациента часто повышается температура тела, возможен сильный понос. Спустя 1-2 недели после начала инфекции возникает воспаление мочеиспускательного канала, появляются выделения из уретры. Вскоре начинается воспаление соединительной оболочки глаз и суставов. Появляются изменения слизистых оболочек, эрозии, гиперкератоз.","{'пациент': 0.015648232461627498, '1': 0.007302508482092833, 'част': 0.036512542410464165, 'болезн': 0.054768813615696244, 'появля': 0.054768813615696244, 'тел': 0.054768813615696244, 'начина': 0.10953762723139249, '2': 0.018256271205232082, 'возможн': 0.10953762723139249, 'изменен': 0.10953762723139249}","{'пациент': 0.027422303473491776, '1': 0.012797074954296161, 'част': 0.06398537477148081, 'болезн': 0.09597806215722121, 'появля': 0.09597806215722121, 'тел': 0.09597806215722121, 'начина': 0.19195612431444242, '2': 0.031992687385740404, 'возможн': 0.19195612431444242, 'изменен': 0.19195612431444242}"
103,Дисфункция пищевода,"По мнению врачей, наилучшим методом лечения (особенно в тяжелых случаях) является насильственное растяжение суженного участка пищевода, т. н. баллонная дилатация, мышцы расширяют с помощью небольшого баллона, помещенного в суженную часть пищевода.","{'врач': 0.0028825691376682234, 'явля': 0.013692203403924061, 'лечен': 0.012170847470154721, 'помощ': 0.018256271205232082, 'част': 0.036512542410464165, 'метод': 0.10953762723139249, 'случа': 0.036512542410464165, 'особен': 0.036512542410464165}","{'врач': 0.010833584110743304, 'явля': 0.05145952452603069, 'лечен': 0.04574179957869395, 'помощ': 0.06861269936804092, 'част': 0.13722539873608183, 'метод': 0.4116761962082455, 'случа': 0.13722539873608183, 'особен': 0.13722539873608183}"
104,Анемия,"Острое состояние возникает при употреблении в пищу бобов фава, а также после приема некоторых лекарственных средств. Криз могут вызвать инфекции, болезни почек и печени, сахарный диабет и другие нарушения обмена веществ. Первые симптомы обострения - потемнение мочи, желтуха, боли в животе, спине и конечностях, упадок сил, лихорадка, обмороки и понос. Больные должны знать, какие вещества представляют для них опасность, и избегать их.","{'такж': 0.021907525446278497, 'симпт': 0.10953762723139249, 'болезн': 0.054768813615696244, 'нарушен': 0.054768813615696244, 'больн': 0.027384406807848122, 'моч': 0.054768813615696244, 'друг': 0.054768813615696244, 'лекарствен': 0.10953762723139249, 'состоян': 0.10953762723139249, 'некотор': 0.10953762723139249, 'спин': 0.054768813615696244}","{'такж': 0.02877697841726619, 'симпт': 0.14388489208633093, 'болезн': 0.07194244604316546, 'нарушен': 0.07194244604316546, 'больн': 0.03597122302158273, 'моч': 0.07194244604316546, 'друг': 0.07194244604316546, 'лекарствен': 0.14388489208633093, 'состоян': 0.14388489208633093, 'некотор': 0.14388489208633093, 'спин': 0.07194244604316546}"
105,Мания преследования,"Мания преследования - это хроническое психическое заболевание, которое протекает по-разному. Болезнь склонна к рецидивам. Обычно бредовые идеи ощущения преследования удается контролировать при помощи медикаментозного лечения.","{'лечен': 0.012170847470154721, 'помощ': 0.018256271205232082, 'котор': 0.018256271205232082, 'психическ': 0.054768813615696244, 'болезн': 0.054768813615696244, 'заболеван': 0.018256271205232082, 'эт': 0.036512542410464165, 'контролирова': 0.10953762723139249}","{'лечен': 0.03773584905660377, 'помощ': 0.05660377358490566, 'котор': 0.05660377358490566, 'психическ': 0.16981132075471697, 'болезн': 0.16981132075471697, 'заболеван': 0.05660377358490566, 'эт': 0.11320754716981132, 'контролирова': 0.33962264150943394}"
106,Кератоз,Болезненное утолщение кожи на ладонях и подошвах.,{},{}
108,Отеки,"Отечность мягких тканей может возникнуть вследствие механических раздражений, например, посттравматический отек тканей. Однако в большинстве случаев причиной их появления является нарушение водно-солевого баланса в организме. Например, если в крови не хватает определенных солей или белков, то изменяются ее химические свойства. Разумеется, из артериальных капилляров образующаяся тканевая жидкость еще питает ткани, однако в венозных капиллярах эта жидкость резорбироваться не может. Лимфатическая система также не обеспечивает достаточный отток тканевой жидкости из тканей. Помимо тяжелых органических поражений появляется отечность кожи век и бедер.","{'явля': 0.013692203403924061, 'такж': 0.021907525446278497, 'определен': 0.036512542410464165, 'век': 0.036512542410464165, 'ил': 0.007302508482092833, 'их': 0.10953762723139249, 'нарушен': 0.054768813615696244, 'появля': 0.054768813615696244, 'однак': 0.10953762723139249, 'случа': 0.036512542410464165, 'появлен': 0.10953762723139249, 'моч': 0.054768813615696244, 'организм': 0.054768813615696244, 'систем': 0.036512542410464165, 'например': 0.054768813615696244, 'есл': 0.10953762723139249, 'причин': 0.10953762723139249}","{'явля': 0.013550135501355013, 'такж': 0.02168021680216802, 'определен': 0.036133694670280034, 'век': 0.036133694670280034, 'ил': 0.007226738934056007, 'их': 0.1084010840108401, 'нарушен': 0.05420054200542005, 'появля': 0.05420054200542005, 'однак': 0.1084010840108401, 'случа': 0.036133694670280034, 'появлен': 0.1084010840108401, 'моч': 0.05420054200542005, 'организм': 0.05420054200542005, 'систем': 0.036133694670280034, 'например': 0.05420054200542005, 'есл': 0.1084010840108401, 'причин': 0.1084010840108401}"
109,Отравление лекарствами,"При покупке лекарственного средства в аптеке обратите внимание провизора на то, что лекарство предназначено для ребёнка, сообщите ему о возрасте и весе ребёнка, проверьте срок годности препарата.","{'препарат': 0.054768813615696244, 'ребенок': 0.10953762723139249, 'лекарствен': 0.10953762723139249, 'срок': 0.10953762723139249, 'лекарств': 0.10953762723139249}","{'препарат': 0.1111111111111111, 'ребенок': 0.2222222222222222, 'лекарствен': 0.2222222222222222, 'срок': 0.2222222222222222, 'лекарств': 0.2222222222222222}"
110,Гиперемия,"Все зависит от болезни, вызвавшей данное нарушение. Очень важно соблюдать диету, назначенную врачом.","{'диет': 0.10953762723139249, 'врач': 0.0028825691376682234, 'болезн': 0.054768813615696244, 'нарушен': 0.054768813615696244, 'важн': 0.10953762723139249, 'дан': 0.10953762723139249}","{'диет': 0.24836601307189543, 'врач': 0.006535947712418301, 'болезн': 0.12418300653594772, 'нарушен': 0.12418300653594772, 'важн': 0.24836601307189543, 'дан': 0.24836601307189543}"
112,Гипотиреоз,"Для пациентов с пониженной функцией щитовидки характерна апатичность, вялость. Если вы заметите признаки гипотиреоза у ваших близких или друзей, то обязательно посоветуйте им обратиться к врачу, сами они обычно этого не делают.","{'врач': 0.0028825691376682234, 'пациент': 0.015648232461627498, 'ил': 0.007302508482092833, 'эт': 0.036512542410464165, 'друг': 0.054768813615696244, 'функц': 0.054768813615696244, 'есл': 0.10953762723139249}","{'врач': 0.010242903131401814, 'пациент': 0.05560433128475271, 'ил': 0.025948687932884597, 'эт': 0.129743439664423, 'друг': 0.1946151594966345, 'функц': 0.1946151594966345, 'есл': 0.389230318993269}"
113,Боль в боку,"Приступообразные боли характерны, не только для почечнокаменной, но и для желчнокаменной болезни. В данном случае отмечаются сильные покалывания в правом подреберье и подложечной области, которые иррадиируют в спину и правую лопатку. Недомогания возникают или усиливаются в результате переедания и после приема жирной пищи.","{'област': 0.012170847470154721, 'результат': 0.10953762723139249, 'ил': 0.007302508482092833, 'котор': 0.018256271205232082, 'болезн': 0.054768813615696244, 'случа': 0.036512542410464165, 'тольк': 0.10953762723139249, 'прав': 0.054768813615696244, 'спин': 0.054768813615696244, 'дан': 0.10953762723139249}","{'област': 0.02145922746781116, 'результат': 0.19313304721030045, 'ил': 0.012875536480686697, 'котор': 0.03218884120171674, 'болезн': 0.09656652360515022, 'случа': 0.06437768240343349, 'тольк': 0.19313304721030045, 'прав': 0.09656652360515022, 'спин': 0.09656652360515022, 'дан': 0.19313304721030045}"
115,Пузырный занос,Сильно увеличена матка (более чем необходимо для соответствующего срока беременности).,"{'соответств': 0.021907525446278497, 'беремен': 0.054768813615696244, 'необходим': 0.054768813615696244, 'срок': 0.10953762723139249}","{'соответств': 0.09090909090909091, 'беремен': 0.22727272727272727, 'необходим': 0.22727272727272727, 'срок': 0.45454545454545453}"
116,Бледность,"Бледность кожных покровов, не проходящая длительное время, может являться симптомом малокровия, характеризующегося уменьшением в крови общего количества гемоглобина.","{'явля': 0.013692203403924061, 'врем': 0.027384406807848122, 'симпт': 0.10953762723139249, 'проход': 0.036512542410464165, 'общ': 0.018256271205232082, 'моч': 0.054768813615696244}","{'явля': 0.052631578947368425, 'врем': 0.10526315789473685, 'симпт': 0.4210526315789474, 'проход': 0.14035087719298248, 'общ': 0.07017543859649124, 'моч': 0.2105263157894737}"
117,Скотома,Дополнительно статьи на данную тему:,"{'дополнительн': 0.10953762723139249, 'дава': 0.10953762723139249}","{'дополнительн': 0.5, 'дава': 0.5}"
118,Зуд в области заднего прохода,"Задний проход (конечная часть пищеварительного канала, служащая для удаления из организма непереваренных остатков пищи) - это чувствительная часть тела. Патологическое состояние, характеризующееся упорным зудом в области заднего прохода, встречается довольно часто. При появлении сильного зуда, что может являться симптомом наличия серьезного заболевания, необходимо обратиться к врачу, который установит причину зуда, а также при необходимости назначит лечение и порекомендует мазь, уменьшающую зуд.","{'област': 0.012170847470154721, 'врач': 0.0028825691376682234, 'явля': 0.013692203403924061, 'лечен': 0.012170847470154721, 'такж': 0.021907525446278497, 'необходим': 0.054768813615696244, 'котор': 0.018256271205232082, 'част': 0.036512542410464165, 'симпт': 0.10953762723139249, 'заболеван': 0.018256271205232082, 'эт': 0.036512542410464165, 'встреча': 0.10953762723139249, 'тел': 0.054768813615696244, 'появлен': 0.10953762723139249, 'проход': 0.036512542410464165, 'моч': 0.054768813615696244, 'устанавлива': 0.10953762723139249, 'организм': 0.054768813615696244, 'состоян': 0.10953762723139249, 'причин': 0.10953762723139249, 'служа': 0.10953762723139249}","{'област': 0.010187257885071646, 'врач': 0.002412771604359074, 'явля': 0.011460665120705602, 'лечен': 0.010187257885071646, 'такж': 0.01833706419312896, 'необходим': 0.04584266048282241, 'котор': 0.01528088682760747, 'част': 0.03056177365521494, 'симпт': 0.09168532096564481, 'заболеван': 0.01528088682760747, 'эт': 0.03056177365521494, 'встреча': 0.09168532096564481, 'тел': 0.04584266048282241, 'появлен': 0.09168532096564481, 'проход': 0.03056177365521494, 'моч': 0.04584266048282241, 'устанавлива': 0.09168532096564481, 'организм': 0.04584266048282241, 'состоян': 0.09168532096564481, 'причин': 0.09168532096564481, 'служа': 0.09168532096564481}"
120,Тиф брюшной,Дополнительно статьи на данную тему:,"{'дополнительн': 0.10953762723139249, 'дава': 0.10953762723139249}","{'дополнительн': 0.5, 'дава': 0.5}"
121,Невропатические нарушения пищеварения,"Эти расстройства вызваны нейромышечными нарушениями функции кишечника. Было замечено, что после приема пищи у этих людей возникают множественные сокращения кишечника и появляется ощущение усиленной деятельности пищеварительного тракта. Синдром раздраженной толстой кишки может вызвать сильный стресс. Заболевание может быть и хроническим. Среди страдающих синдромом раздраженной толстой кишки имеется много больных с психическими заболеваниями, но эта связь еще не вполне отчетлива. Вышеописанные симптомы иногда связаны с употреблением слабительных препаратов. Это нарушение часто путают с аллергией на пищевые продукты. Однако во время аллергической реакции в организме наблюдаются иммунологические изменения.","{'врем': 0.027384406807848122, 'пута': 0.036512542410464165, 'быт': 0.054768813615696244, 'част': 0.036512542410464165, 'препарат': 0.054768813615696244, 'психическ': 0.054768813615696244, 'расстройств': 0.10953762723139249, 'симпт': 0.10953762723139249, 'заболеван': 0.018256271205232082, 'эт': 0.036512542410464165, 'нарушен': 0.054768813615696244, 'появля': 0.054768813615696244, 'однак': 0.10953762723139249, 'иногд': 0.054768813615696244, 'больн': 0.027384406807848122, 'сокращен': 0.10953762723139249, 'моч': 0.054768813615696244, 'имет': 0.027384406807848122, 'человек': 0.027384406807848122, 'функц': 0.054768813615696244, 'организм': 0.054768813615696244, 'мног': 0.054768813615696244, 'изменен': 0.10953762723139249, 'деятельн': 0.036512542410464165}","{'врем': 0.019999999999999993, 'пута': 0.026666666666666658, 'быт': 0.03999999999999999, 'част': 0.026666666666666658, 'препарат': 0.03999999999999999, 'психическ': 0.03999999999999999, 'расстройств': 0.07999999999999997, 'симпт': 0.07999999999999997, 'заболеван': 0.013333333333333329, 'эт': 0.026666666666666658, 'нарушен': 0.03999999999999999, 'появля': 0.03999999999999999, 'однак': 0.07999999999999997, 'иногд': 0.03999999999999999, 'больн': 0.019999999999999993, 'сокращен': 0.07999999999999997, 'моч': 0.03999999999999999, 'имет': 0.019999999999999993, 'человек': 0.019999999999999993, 'функц': 0.03999999999999999, 'организм': 0.03999999999999999, 'мног': 0.03999999999999999, 'изменен': 0.07999999999999997, 'деятельн': 0.026666666666666658}"
122,Болезни радужной оболонки,Болезни радужной оболочки требуют лечения в связи с возможным поражением сетчатки глаза. При отсутствии лечения больному угрожает полная потеря зрения.,"{'лечен': 0.012170847470154721, 'болезн': 0.054768813615696244, 'больн': 0.027384406807848122, 'возможн': 0.10953762723139249, 'требова': 0.054768813615696244, 'угрожа': 0.10953762723139249}","{'лечен': 0.03305785123966942, 'болезн': 0.1487603305785124, 'больн': 0.0743801652892562, 'возможн': 0.2975206611570248, 'требова': 0.1487603305785124, 'угрожа': 0.2975206611570248}"
123,Киста поджелудочной железы,Кисты поджелудочной железы могут быть истинные и ложные (псевдокисты).,"{'быт': 0.054768813615696244, 'моч': 0.054768813615696244}","{'быт': 0.5, 'моч': 0.5}"
124,Воспаление почечных лоханок,Головная боль.,{'головн': 0.027384406807848122},{'головн': 1.0}
127,Бронхоэктаз,Фиброз легких,{},{}
128,Желтая лихорадка,Желтуха.,{},{}
