,ProfLinks,Targ,KwMult
0,Диетолог,"Дието́лог — специалист в области диетологии, соответствующий академическим и профессиональным требованиям. Врач-диетолог является дипломированным врачом, закончившим медицинский вуз и получившим затем дополнительное образование по диетологии, подтвержденное соответствующим дипломом. Является экспертом в области питания. Врачи-диетологи  занимаются лечением ожирения, а также дают рекомендации пациентам по вопросам правильного питания, ведения здорового образа жизни, либо ставят цели для достижения определённых результатов, связанных со здоровьем.","{'диет': 0.10953762723139249, 'лог': 0.015648232461627498, 'специалист': 0.0060854237350773605, 'област': 0.012170847470154721, 'диетолог': 0.027384406807848122, 'соответств': 0.021907525446278497, 'академическ': 0.10953762723139249, 'профессиональн': 0.054768813615696244, 'требован': 0.10953762723139249, 'врач': 0.0028825691376682234, 'явля': 0.013692203403924061, 'дипломирова': 0.10953762723139249, 'заканчива': 0.10953762723139249, 'медицинск': 0.0036512542410464164, 'вуз': 0.10953762723139249, 'получа': 0.015648232461627498, 'зат': 0.10953762723139249, 'дополнительн': 0.10953762723139249, 'образован': 0.006443389837140734, 'подтвержда': 0.10953762723139249, 'дипл': 0.054768813615696244, 'эксперт': 0.054768813615696244, 'питан': 0.054768813615696244, 'занима': 0.013692203403924061, 'лечен': 0.012170847470154721, 'ожирен': 0.10953762723139249, 'такж': 0.021907525446278497, 'дава': 0.10953762723139249, 'рекомендац': 0.10953762723139249, 'пациент': 0.015648232461627498, 'вопрос': 0.036512542410464165, 'правильн': 0.10953762723139249, 'веден': 0.10953762723139249, 'здоров': 0.036512542410464165, 'образ': 0.10953762723139249, 'жизн': 0.054768813615696244, 'либ': 0.054768813615696244, 'став': 0.10953762723139249, 'цел': 0.054768813615696244, 'достижен': 0.10953762723139249, 'определен': 0.036512542410464165, 'результат': 0.10953762723139249, 'связыва': 0.054768813615696244}"
2,Акушерка,"Акуше́рка (фр. accoucher — помогать при родах[1]) — средний медицинский работник, специалист в акушерстве, оказывающий помощь беременным и роженицам (во время родов). В России для работы акушеркой необходимо получить среднее специальное образование по специальности «Медико-акушерское дело». Квалификации: «акушер(ка)», «фельдшер-акушер». Не следует путать с врачом акушер-гинекологом (высшее медицинское образование).","{'специалист': 0.0060854237350773605, 'врач': 0.0028825691376682234, 'медицинск': 0.0036512542410464164, 'получа': 0.015648232461627498, 'образован': 0.006443389837140734, '1': 0.007302508482092833, 'акуш': 0.054768813615696244, 'рка': 0.054768813615696244, 'фр': 0.10953762723139249, 'accoucher': 0.10953762723139249, 'помога': 0.10953762723139249, 'род': 0.027384406807848122, 'средн': 0.013692203403924061, 'работник': 0.036512542410464165, 'акушерств': 0.054768813615696244, 'оказыва': 0.054768813615696244, 'помощ': 0.018256271205232082, 'беремен': 0.054768813615696244, 'рожениц': 0.10953762723139249, 'врем': 0.027384406807848122, 'росс': 0.027384406807848122, 'работ': 0.036512542410464165, 'акушерк': 0.10953762723139249, 'необходим': 0.054768813615696244, 'специальн': 0.010953762723139249, 'медик': 0.018256271205232082, 'акушерск': 0.10953762723139249, 'дел': 0.036512542410464165, 'квалификац': 0.054768813615696244, 'акушер': 0.027384406807848122, 'ка': 0.10953762723139249, 'фельдшер': 0.10953762723139249, 'следова': 0.10953762723139249, 'пута': 0.036512542410464165, 'гинеколог': 0.054768813615696244, 'высок': 0.013692203403924061}"
6,Психиатр,"Психиа́тр (др.-греч. ψυχή — душа; ἰατρός — врач) — специалист с высшим образованием в области психиатрии, области медицины, изучающей психические расстройства. В отличие от психологов, не всегда являющихся врачами, психиатры занимаются оценкой симптомов пациентов для определения их следствия из психофизической и физической болезней.","{'специалист': 0.0060854237350773605, 'област': 0.012170847470154721, 'врач': 0.0028825691376682234, 'явля': 0.013692203403924061, 'образован': 0.006443389837140734, 'занима': 0.013692203403924061, 'пациент': 0.015648232461627498, 'определен': 0.036512542410464165, 'высок': 0.013692203403924061, 'тр': 0.054768813615696244, 'др': 0.027384406807848122, 'греч': 0.027384406807848122, 'псих': 0.10953762723139249, 'ψυχή': 0.10953762723139249, 'душ': 0.10953762723139249, 'ἰατρός': 0.10953762723139249, 'психиатр': 0.036512542410464165, 'медицин': 0.036512542410464165, 'изуча': 0.10953762723139249, 'психическ': 0.054768813615696244, 'расстройств': 0.10953762723139249, 'отлич': 0.054768813615696244, 'психолог': 0.10953762723139249, 'всегд': 0.10953762723139249, 'оценк': 0.10953762723139249, 'симпт': 0.10953762723139249, 'их': 0.10953762723139249, 'следств': 0.054768813615696244, 'психофизическ': 0.10953762723139249, 'физическ': 0.10953762723139249, 'болезн': 0.054768813615696244}"
7,Хирург,"Хиру́рг (др.-греч. χερί — рука + др.-греч. ἔργον — работа, действие) — врач-специалист, получивший подготовку по методам диагностики и хирургического лечения заболеваний и травм[1].","{'специалист': 0.0060854237350773605, 'врач': 0.0028825691376682234, 'получа': 0.015648232461627498, 'лечен': 0.012170847470154721, '1': 0.007302508482092833, 'работ': 0.036512542410464165, 'др': 0.027384406807848122, 'греч': 0.027384406807848122, 'хир': 0.10953762723139249, 'рг': 0.10953762723139249, 'χερί': 0.10953762723139249, 'рук': 0.10953762723139249, 'ἔργον': 0.10953762723139249, 'действ': 0.054768813615696244, 'подготовк': 0.036512542410464165, 'метод': 0.10953762723139249, 'диагностик': 0.027384406807848122, 'хирургическ': 0.10953762723139249, 'заболеван': 0.018256271205232082, 'травм': 0.036512542410464165}"
8,Отоневролог,"Отоневролог - это врач, который специализируется на нарушениях вестибулярного аппарата, появившихся в следствие воспалительного процесса головного мозга, черепно-мозговой травмы или заболеваний.","{'врач': 0.0028825691376682234, 'ил': 0.007302508482092833, 'котор': 0.018256271205232082, 'следств': 0.054768813615696244, 'заболеван': 0.018256271205232082, 'травм': 0.036512542410464165, 'отоневролог': 0.10953762723139249, 'эт': 0.036512542410464165, 'специализирова': 0.10953762723139249, 'нарушен': 0.054768813615696244, 'вестибулярн': 0.10953762723139249, 'аппарат': 0.10953762723139249, 'появля': 0.054768813615696244, 'воспалительн': 0.10953762723139249, 'процесс': 0.036512542410464165, 'головн': 0.027384406807848122, 'мозг': 0.027384406807848122, 'черепн': 0.10953762723139249, 'мозгов': 0.10953762723139249}"
9,Физиотерапевт,"Физиотерапе́вт — специалист с профессиональным образованием, который восстанавливает или сохраняет нарушенную двигательную способность и дееспособность пациента.","{'специалист': 0.0060854237350773605, 'профессиональн': 0.054768813615696244, 'образован': 0.006443389837140734, 'пациент': 0.015648232461627498, 'ил': 0.007302508482092833, 'котор': 0.018256271205232082, 'физиотерап': 0.10953762723139249, 'вт': 0.10953762723139249, 'восстанавлива': 0.10953762723139249, 'сохраня': 0.10953762723139249, 'наруша': 0.10953762723139249, 'двигательн': 0.10953762723139249, 'способн': 0.10953762723139249, 'дееспособн': 0.10953762723139249}"
10,Зубной техник,"Зубной техник — одна из профессий в современной стоматологии, входит в понятие дантист. Зубных техников часто путают с зубными врачами или стоматологами. Однако в отличие от стоматологов или зубных врачей, зубной техник не встречается с пациентами. Иногда в исключительных случаях такая встреча бывает необходима. Чаще всего пациенты стоматологических клиник попадают в зуботехническую лабораторию для коррекции цвета зубных протезов, для замены матриц аттачменов в бюгельных протезах или для починки съёмного протеза.","{'врач': 0.0028825691376682234, 'пациент': 0.015648232461627498, 'ил': 0.007302508482092833, 'необходим': 0.054768813615696244, 'пута': 0.036512542410464165, 'част': 0.036512542410464165, 'отлич': 0.054768813615696244, 'зубн': 0.015648232461627498, 'техник': 0.036512542410464165, 'професс': 0.054768813615696244, 'современ': 0.054768813615696244, 'стоматолог': 0.027384406807848122, 'вход': 0.036512542410464165, 'понят': 0.10953762723139249, 'дантист': 0.10953762723139249, 'однак': 0.10953762723139249, 'встреча': 0.10953762723139249, 'иногд': 0.054768813615696244, 'исключительн': 0.10953762723139249, 'случа': 0.036512542410464165, 'встреч': 0.10953762723139249, 'быва': 0.10953762723139249, 'стоматологическ': 0.10953762723139249, 'клиник': 0.10953762723139249, 'попада': 0.10953762723139249, 'зуботехническ': 0.10953762723139249, 'лаборатор': 0.10953762723139249, 'коррекц': 0.10953762723139249, 'цвет': 0.10953762723139249, 'протез': 0.036512542410464165, 'зам': 0.10953762723139249, 'матриц': 0.10953762723139249, 'аттачмен': 0.10953762723139249, 'бюгельн': 0.10953762723139249, 'починк': 0.10953762723139249, 'съемн': 0.10953762723139249}"
12,Акушер-гинеколог,"Акуше́р-гинеко́лог — врач специалист, получивший специальную подготовку по вопросам акушерства и гинекологии, профилактики и лечения гинекологической патологии, медицинского наблюдения за течением беременности, оказания врачебной помощи в процессе родов и в послеродовом периоде[1]. В двух словах, врач, контролирующий процесс вынашивания и рождения ребёнка и несущий ответственность за здоровье плода и его мамы.","{'лог': 0.015648232461627498, 'специалист': 0.0060854237350773605, 'врач': 0.0028825691376682234, 'медицинск': 0.0036512542410464164, 'получа': 0.015648232461627498, 'лечен': 0.012170847470154721, 'вопрос': 0.036512542410464165, 'здоров': 0.036512542410464165, '1': 0.007302508482092833, 'акуш': 0.054768813615696244, 'род': 0.027384406807848122, 'акушерств': 0.054768813615696244, 'помощ': 0.018256271205232082, 'беремен': 0.054768813615696244, 'специальн': 0.010953762723139249, 'гинеколог': 0.054768813615696244, 'подготовк': 0.036512542410464165, 'процесс': 0.036512542410464165, 'р': 0.054768813615696244, 'гинек': 0.10953762723139249, 'профилактик': 0.054768813615696244, 'гинекологическ': 0.10953762723139249, 'патолог': 0.054768813615696244, 'наблюден': 0.10953762723139249, 'течен': 0.10953762723139249, 'оказан': 0.036512542410464165, 'врачебн': 0.018256271205232082, 'послеродов': 0.10953762723139249, 'период': 0.10953762723139249, 'слов': 0.10953762723139249, 'контролирова': 0.10953762723139249, 'вынашиван': 0.10953762723139249, 'рожден': 0.10953762723139249, 'ребенок': 0.10953762723139249, 'несущ': 0.10953762723139249, 'ответствен': 0.054768813615696244, 'плод': 0.10953762723139249, 'ег': 0.10953762723139249, 'мам': 0.10953762723139249}"
13,Санинструктор,"Санита́рный инстру́ктор (сокращённо санинстру́ктор; ВУС – 878659А, состав категории учёта (должность) – сержанты) — лицо младшего медицинского состава военно-медицинской службы, прошедшее специальную военно-медицинскую подготовку (в учебном подразделении), и ответственное за медицинское обеспечение роты или батареи.","{'медицинск': 0.0036512542410464164, 'должност': 0.018256271205232082, 'ил': 0.007302508482092833, 'специальн': 0.010953762723139249, 'ктор': 0.027384406807848122, 'подготовк': 0.036512542410464165, 'ответствен': 0.054768813615696244, 'санит': 0.036512542410464165, 'рны': 0.10953762723139249, 'инстр': 0.10953762723139249, 'сокращен': 0.10953762723139249, 'санинстр': 0.10953762723139249, 'вус': 0.10953762723139249, '878659а': 0.10953762723139249, 'соста': 0.054768813615696244, 'категор': 0.10953762723139249, 'учет': 0.10953762723139249, 'сержант': 0.10953762723139249, 'лиц': 0.027384406807848122, 'младш': 0.036512542410464165, 'воен': 0.027384406807848122, 'служб': 0.054768813615696244, 'проход': 0.036512542410464165, 'учебн': 0.10953762723139249, 'подразделен': 0.054768813615696244, 'обеспечен': 0.10953762723139249, 'рот': 0.10953762723139249, 'батаре': 0.10953762723139249}"
14,Врач общей практики,Врач общей практики — специалист в области общей медицины. В России врачом общей практики может быть только специалист с высшим медицинским образованием. Разновидностью врача общей практики является семейный врач. Задачей врача общей практики является оказание первичной врачебной помощи[1][2].,"{'специалист': 0.0060854237350773605, 'област': 0.012170847470154721, 'врач': 0.0028825691376682234, 'явля': 0.013692203403924061, 'медицинск': 0.0036512542410464164, 'образован': 0.006443389837140734, '1': 0.007302508482092833, 'помощ': 0.018256271205232082, 'росс': 0.027384406807848122, 'высок': 0.013692203403924061, 'быт': 0.054768813615696244, 'медицин': 0.036512542410464165, 'оказан': 0.036512542410464165, 'врачебн': 0.018256271205232082, 'общ': 0.018256271205232082, 'практик': 0.015648232461627498, 'моч': 0.054768813615696244, 'тольк': 0.10953762723139249, 'разновидн': 0.10953762723139249, 'семейн': 0.10953762723139249, 'задач': 0.10953762723139249, 'первичн': 0.10953762723139249, '2': 0.018256271205232082}"
15,Фельдшер,"Фе́льдшер (нем. Feldscher[1]) — специалист со средним специальным медицинским образованием, который имеет право проводить диагностику и устанавливать диагноз, проводить самостоятельное лечение или направлять пациента к врачу-специалисту. Нестроевой средний медицинский чин в Русской Императорской Армии[2].","{'специалист': 0.0060854237350773605, 'врач': 0.0028825691376682234, 'медицинск': 0.0036512542410464164, 'образован': 0.006443389837140734, 'лечен': 0.012170847470154721, 'пациент': 0.015648232461627498, 'ил': 0.007302508482092833, '1': 0.007302508482092833, 'средн': 0.013692203403924061, 'специальн': 0.010953762723139249, 'котор': 0.018256271205232082, 'диагностик': 0.027384406807848122, '2': 0.018256271205232082, 'фе': 0.10953762723139249, 'льдшер': 0.10953762723139249, 'нем': 0.054768813615696244, 'feldscher': 0.10953762723139249, 'имет': 0.027384406807848122, 'прав': 0.054768813615696244, 'провод': 0.10953762723139249, 'устанавлива': 0.10953762723139249, 'диагноз': 0.10953762723139249, 'провожа': 0.10953762723139249, 'самостоятельн': 0.10953762723139249, 'направля': 0.10953762723139249, 'нестроев': 0.10953762723139249, 'чин': 0.10953762723139249, 'русск': 0.10953762723139249, 'императорск': 0.10953762723139249, 'арм': 0.10953762723139249}"
17,Провизор,"Прови́зор (лат. pro - ""пред"" visor - ""вижу"", предвидящий, заготавливающий) — специалист с высшим фармацевтическим образованием, работающий в сфере производства, хранения и продажи лекарственных препаратов.","{'специалист': 0.0060854237350773605, 'образован': 0.006443389837140734, 'высок': 0.013692203403924061, 'лат': 0.027384406807848122, 'препарат': 0.054768813615696244, 'пров': 0.10953762723139249, 'зор': 0.10953762723139249, 'pro': 0.10953762723139249, 'пред': 0.10953762723139249, 'visor': 0.10953762723139249, 'видет': 0.10953762723139249, 'предвидет': 0.10953762723139249, 'заготовля': 0.10953762723139249, 'фармацевтическ': 0.10953762723139249, 'работа': 0.054768813615696244, 'сфер': 0.10953762723139249, 'производств': 0.10953762723139249, 'хранен': 0.10953762723139249, 'продаж': 0.10953762723139249, 'лекарствен': 0.10953762723139249}"
18,Сиделка,"Сиделка — профессия, предполагающая уход за больным человеком, инвалидом, престарелым, утратившим возможность к самообслуживанию. Не требует медицинского образования.","{'медицинск': 0.0036512542410464164, 'образован': 0.006443389837140734, 'професс': 0.054768813615696244, 'больн': 0.027384406807848122, 'сиделк': 0.10953762723139249, 'предполага': 0.10953762723139249, 'уход': 0.10953762723139249, 'человек': 0.027384406807848122, 'инвалид': 0.10953762723139249, 'престарел': 0.10953762723139249, 'утрачива': 0.10953762723139249, 'возможн': 0.10953762723139249, 'самообслуживан': 0.10953762723139249, 'требова': 0.054768813615696244}"
19,Врач анестезиолог-реаниматолог,"Врач анестезио́лог-реанимато́лог — специалист с высшим медицинским образованием (врач), занимающийся поддержанием и восстановлением жизненно важных функций организма при угрожающих жизни состояниях.","{'лог': 0.015648232461627498, 'специалист': 0.0060854237350773605, 'врач': 0.0028825691376682234, 'медицинск': 0.0036512542410464164, 'образован': 0.006443389837140734, 'занима': 0.013692203403924061, 'жизн': 0.054768813615696244, 'высок': 0.013692203403924061, 'анестез': 0.10953762723139249, 'реанимат': 0.10953762723139249, 'поддержан': 0.054768813615696244, 'восстановлен': 0.10953762723139249, 'жизнен': 0.10953762723139249, 'важн': 0.10953762723139249, 'функц': 0.054768813615696244, 'организм': 0.054768813615696244, 'угрожа': 0.10953762723139249, 'состоян': 0.10953762723139249}"
20,Парамедик,"Параме́дик (англ. paramedic) — специалист с медицинским образованием, работающий в службе скорой медицинской помощи, аварийно-спасательных и военных подразделениях и обладающий навыками оказания экстренной медицинской помощи на догоспитальном этапе. Термин используется преимущественно в странах с англо-американской моделью экстренной помощи[1]. В зависимости от страны или ее региона, срок обучения лиц, которых называют парамедиками может отличаться и колеблется от нескольких месяцев до 4 лет[1][2].","{'специалист': 0.0060854237350773605, 'медицинск': 0.0036512542410464164, 'образован': 0.006443389837140734, 'ил': 0.007302508482092833, '1': 0.007302508482092833, 'помощ': 0.018256271205232082, 'преимуществен': 0.054768813615696244, 'котор': 0.018256271205232082, 'англ': 0.036512542410464165, 'оказан': 0.036512542410464165, 'лиц': 0.027384406807848122, 'воен': 0.027384406807848122, 'служб': 0.054768813615696244, 'подразделен': 0.054768813615696244, 'моч': 0.054768813615696244, '2': 0.018256271205232082, 'работа': 0.054768813615696244, 'пар': 0.10953762723139249, 'дик': 0.10953762723139249, 'paramedic': 0.10953762723139249, 'скор': 0.10953762723139249, 'аварийн': 0.10953762723139249, 'спасательн': 0.10953762723139249, 'облада': 0.10953762723139249, 'навык': 0.054768813615696244, 'экстрен': 0.054768813615696244, 'догоспитальн': 0.10953762723139249, 'этап': 0.10953762723139249, 'термин': 0.10953762723139249, 'использова': 0.054768813615696244, 'стран': 0.036512542410464165, 'американск': 0.10953762723139249, 'модел': 0.10953762723139249, 'зависим': 0.10953762723139249, 'регион': 0.10953762723139249, 'срок': 0.10953762723139249, 'обучен': 0.054768813615696244, 'называ': 0.10953762723139249, 'парамедик': 0.10953762723139249, 'отлича': 0.10953762723139249, 'колеба': 0.10953762723139249, 'нескольк': 0.10953762723139249, 'месяц': 0.10953762723139249, '4': 0.054768813615696244, 'год': 0.036512542410464165}"
21,Эндокринолог,"Эндокрино́лог —  врач, получивший специализацию по вопросам диагностики, профилактики и лечения патологии эндокринной системы в интернатуре, ординатуре или на кафедре института последипломного образования врачей.","{'лог': 0.015648232461627498, 'врач': 0.0028825691376682234, 'получа': 0.015648232461627498, 'образован': 0.006443389837140734, 'лечен': 0.012170847470154721, 'вопрос': 0.036512542410464165, 'ил': 0.007302508482092833, 'диагностик': 0.027384406807848122, 'профилактик': 0.054768813615696244, 'патолог': 0.054768813615696244, 'эндокрин': 0.054768813615696244, 'специализац': 0.054768813615696244, 'систем': 0.036512542410464165, 'интернатур': 0.10953762723139249, 'ординатур': 0.10953762723139249, 'кафедр': 0.10953762723139249, 'институт': 0.10953762723139249, 'последипломн': 0.10953762723139249}"
22,Судебный медик,"Судебный медик — квалифицированный эксперт в области судебной медицины, в чьи обязанности входит расследование случаев смертей и травм, происходящих при необычных или подозрительных обстоятельствах, выполнение посмертной экспертизы. В некоторых государствах имеет право инициировать дознание.[1]","{'област': 0.012170847470154721, 'эксперт': 0.054768813615696244, 'ил': 0.007302508482092833, '1': 0.007302508482092833, 'медик': 0.018256271205232082, 'обязан': 0.027384406807848122, 'медицин': 0.036512542410464165, 'травм': 0.036512542410464165, 'вход': 0.036512542410464165, 'случа': 0.036512542410464165, 'смерт': 0.054768813615696244, 'имет': 0.027384406807848122, 'прав': 0.054768813615696244, 'судебн': 0.027384406807848122, 'квалифицирова': 0.10953762723139249, 'че': 0.10953762723139249, 'расследован': 0.10953762723139249, 'происход': 0.10953762723139249, 'необычн': 0.10953762723139249, 'подозрительн': 0.10953762723139249, 'обстоятельств': 0.10953762723139249, 'выполнен': 0.10953762723139249, 'посмертн': 0.10953762723139249, 'экспертиз': 0.036512542410464165, 'некотор': 0.10953762723139249, 'государств': 0.10953762723139249, 'инициирова': 0.10953762723139249, 'дознан': 0.10953762723139249}"
23,Аптекарь,"Апте́карь (нем. Apotheker) — специалист в области лекарств, современное название — фармацевт.","{'специалист': 0.0060854237350773605, 'област': 0.012170847470154721, 'кар': 0.054768813615696244, 'назван': 0.054768813615696244, 'современ': 0.054768813615696244, 'нем': 0.054768813615696244, 'апт': 0.10953762723139249, 'apotheker': 0.10953762723139249, 'лекарств': 0.10953762723139249, 'фармацевт': 0.10953762723139249}"
24,Невролог,"Невро́лог (до 1980-х гг. — невропато́лог[1]) — врач, получивший высшее медицинское образование и прошедший специализацию по специальности неврология. Невролог занимается диагностикой и лечением болезней, связанных с нервной системой. Это заболевания центральной (головной и спинной мозг) и периферической нервной системы (нервные волокна). Например: опухоли головного и спинного мозга, невриты, невралгии, инсульты и другие нарушения кровообращения головного мозга, энцефалиты, приступы эпилепсии. Многие из этих заболеваний сопровождаются изменением поведения и психического функционирования, тогда к лечению таких пациентов привлекаются психиатры и иногда психотерапевты.","{'лог': 0.015648232461627498, 'врач': 0.0028825691376682234, 'медицинск': 0.0036512542410464164, 'получа': 0.015648232461627498, 'образован': 0.006443389837140734, 'занима': 0.013692203403924061, 'лечен': 0.012170847470154721, 'пациент': 0.015648232461627498, 'связыва': 0.054768813615696244, '1': 0.007302508482092833, 'специальн': 0.010953762723139249, 'высок': 0.013692203403924061, 'психиатр': 0.036512542410464165, 'психическ': 0.054768813615696244, 'болезн': 0.054768813615696244, 'диагностик': 0.027384406807848122, 'заболеван': 0.018256271205232082, 'эт': 0.036512542410464165, 'нарушен': 0.054768813615696244, 'головн': 0.027384406807848122, 'мозг': 0.027384406807848122, 'иногд': 0.054768813615696244, 'проход': 0.036512542410464165, 'друг': 0.054768813615696244, 'специализац': 0.054768813615696244, 'систем': 0.036512542410464165, 'невр': 0.054768813615696244, '1980': 0.10953762723139249, 'х': 0.10953762723139249, 'гг': 0.10953762723139249, 'невропат': 0.10953762723139249, 'невролог': 0.054768813615696244, 'нервн': 0.036512542410464165, 'центральн': 0.10953762723139249, 'спин': 0.054768813615696244, 'периферическ': 0.10953762723139249, 'волокн': 0.10953762723139249, 'например': 0.054768813615696244, 'опухол': 0.10953762723139249, 'невралг': 0.10953762723139249, 'инсульт': 0.10953762723139249, 'кровообращен': 0.10953762723139249, 'энцефал': 0.10953762723139249, 'приступ': 0.10953762723139249, 'эпилепс': 0.10953762723139249, 'мног': 0.054768813615696244, 'сопровожда': 0.10953762723139249, 'изменен': 0.10953762723139249, 'поведен': 0.10953762723139249, 'функционирован': 0.10953762723139249, 'тогд': 0.10953762723139249, 'привлека': 0.10953762723139249, 'психотерапевт': 0.10953762723139249}"
25,Врачебная практика,Врачебная практика (общая врачебная практика) — действия врача по проведению лечебных мероприятий и процедур.,"{'врач': 0.0028825691376682234, 'действ': 0.054768813615696244, 'врачебн': 0.018256271205232082, 'общ': 0.018256271205232082, 'практик': 0.015648232461627498, 'проведен': 0.10953762723139249, 'лечебн': 0.036512542410464165, 'мероприят': 0.10953762723139249, 'процедур': 0.10953762723139249}"
28,Санитар,"Санита́р (в женском роде санита́рка[1]) — младший медицинский работник (лицо низшего медицинского персонала[2]), выполняющий вспомогательные функции в медицинской практике, ранее человек ухаживающий за больными и ранеными на войне[3].","{'медицинск': 0.0036512542410464164, '1': 0.007302508482092833, 'рка': 0.054768813615696244, 'род': 0.027384406807848122, 'работник': 0.036512542410464165, 'больн': 0.027384406807848122, 'р': 0.054768813615696244, 'санит': 0.036512542410464165, 'лиц': 0.027384406807848122, 'младш': 0.036512542410464165, 'практик': 0.015648232461627498, '2': 0.018256271205232082, 'человек': 0.027384406807848122, 'функц': 0.054768813615696244, '3': 0.036512542410464165, 'женск': 0.10953762723139249, 'низк': 0.10953762723139249, 'персона': 0.054768813615696244, 'выполня': 0.10953762723139249, 'вспомогательн': 0.10953762723139249, 'ран': 0.10953762723139249, 'ухажива': 0.10953762723139249, 'ранен': 0.10953762723139249, 'войн': 0.10953762723139249}"
29,Медицинская сестра,"Медици́нская сестра́ (медсестра́)[1] — специалист со средним специальным медицинским образованием в области сестринского дела. Медицинская сестра относится к среднему медицинскому персоналу, является младшим специалистом (это указано в дипломе медсестры) по отношению к специалисту — врачу.","{'специалист': 0.0060854237350773605, 'област': 0.012170847470154721, 'врач': 0.0028825691376682234, 'явля': 0.013692203403924061, 'медицинск': 0.0036512542410464164, 'образован': 0.006443389837140734, 'дипл': 0.054768813615696244, '1': 0.007302508482092833, 'средн': 0.013692203403924061, 'специальн': 0.010953762723139249, 'дел': 0.036512542410464165, 'эт': 0.036512542410464165, 'младш': 0.036512542410464165, 'персона': 0.054768813615696244, 'медиц': 0.036512542410464165, 'сестр': 0.054768813615696244, 'медсестр': 0.054768813615696244, 'сестринск': 0.10953762723139249, 'относ': 0.10953762723139249, 'указыва': 0.10953762723139249, 'отношен': 0.10953762723139249, 'нски': 0.054768813615696244}"
30,Судебно-медицинский эксперт,"Суде́бно-медици́нский экспе́рт — врач, занимающий штатную должность в учреждениях судебно-медицинской экспертизы, прошедший обучение по специальности судебно-медицинская экспертиза и имеющий сертификат специалиста в данной области.","{'специалист': 0.0060854237350773605, 'област': 0.012170847470154721, 'врач': 0.0028825691376682234, 'медицинск': 0.0036512542410464164, 'занима': 0.013692203403924061, 'должност': 0.018256271205232082, 'специальн': 0.010953762723139249, 'проход': 0.036512542410464165, 'имет': 0.027384406807848122, 'обучен': 0.054768813615696244, 'судебн': 0.027384406807848122, 'экспертиз': 0.036512542410464165, 'медиц': 0.036512542410464165, 'суд': 0.10953762723139249, 'бно': 0.10953762723139249, 'нски': 0.054768813615696244, 'эксп': 0.10953762723139249, 'рт': 0.10953762723139249, 'штатн': 0.10953762723139249, 'учрежден': 0.036512542410464165, 'сертификат': 0.10953762723139249, 'дан': 0.10953762723139249}"
31,Врач,"Врач — человек, использующий свои навыки, знания и опыт в предупреждении и лечении заболеваний, поддержании нормальной жизнедеятельности организма человека. Во многих странах мира требуется разрешение местных органов власти на деятельность врача, либо соответствующая квалификация, незаконная же деятельность влечёт наказание. В России например, незаконная врачебная деятельность является уголовно наказуемым деянием, в случае если таковая стала причиной существенного вреда.[1] Врач — доктор, медик, также  лицо, получившее высшее медицинское образование по соответствующей специальности (кроме зубных врачей, имеющих средне-специальное медицинское образование (не путайте со стоматологами))[2][3][4][5].","{'соответств': 0.021907525446278497, 'врач': 0.0028825691376682234, 'явля': 0.013692203403924061, 'медицинск': 0.0036512542410464164, 'получа': 0.015648232461627498, 'образован': 0.006443389837140734, 'лечен': 0.012170847470154721, 'такж': 0.021907525446278497, 'либ': 0.054768813615696244, '1': 0.007302508482092833, 'средн': 0.013692203403924061, 'росс': 0.027384406807848122, 'специальн': 0.010953762723139249, 'медик': 0.018256271205232082, 'квалификац': 0.054768813615696244, 'пута': 0.036512542410464165, 'высок': 0.013692203403924061, 'заболеван': 0.018256271205232082, 'зубн': 0.015648232461627498, 'стоматолог': 0.027384406807848122, 'случа': 0.036512542410464165, 'доктор': 0.027384406807848122, 'станов': 0.054768813615696244, 'врачебн': 0.018256271205232082, 'лиц': 0.027384406807848122, '2': 0.018256271205232082, 'имет': 0.027384406807848122, 'человек': 0.027384406807848122, 'требова': 0.054768813615696244, 'поддержан': 0.054768813615696244, 'организм': 0.054768813615696244, 'навык': 0.054768813615696244, 'использова': 0.054768813615696244, 'стран': 0.036512542410464165, '4': 0.054768813615696244, 'например': 0.054768813615696244, 'мног': 0.054768813615696244, '3': 0.036512542410464165, 'сво': 0.10953762723139249, 'знан': 0.10953762723139249, 'оп': 0.10953762723139249, 'предупрежден': 0.10953762723139249, 'нормальн': 0.10953762723139249, 'жизнедеятельн': 0.10953762723139249, 'мир': 0.10953762723139249, 'разрешен': 0.10953762723139249, 'местн': 0.10953762723139249, 'орга': 0.10953762723139249, 'власт': 0.10953762723139249, 'деятельн': 0.036512542410464165, 'незакон': 0.054768813615696244, 'влеч': 0.10953762723139249, 'наказан': 0.10953762723139249, 'уголовн': 0.10953762723139249, 'наказуем': 0.10953762723139249, 'деян': 0.10953762723139249, 'есл': 0.10953762723139249, 'таков': 0.10953762723139249, 'причин': 0.10953762723139249, 'существен': 0.10953762723139249, 'вред': 0.10953762723139249, 'кром': 0.10953762723139249, '5': 0.10953762723139249}"
32,Врач-ординатор,"Ордина́тор (от лат. Ordinator — приводящий в порядок, распорядитель), врач, занимающий должность в лечебно-профилактическом учреждении, заведующий палатами или отделением и занимающийся лечебной и профилактической работой.","{'врач': 0.0028825691376682234, 'занима': 0.013692203403924061, 'должност': 0.018256271205232082, 'ил': 0.007302508482092833, 'работ': 0.036512542410464165, 'тор': 0.054768813615696244, 'лат': 0.027384406807848122, 'лечебн': 0.036512542410464165, 'учрежден': 0.036512542410464165, 'ордин': 0.10953762723139249, 'ordinator': 0.10953762723139249, 'привод': 0.10953762723139249, 'порядок': 0.10953762723139249, 'распорядител': 0.10953762723139249, 'профилактическ': 0.054768813615696244, 'завед': 0.10953762723139249, 'палат': 0.10953762723139249, 'отделен': 0.10953762723139249}"
